user,date,level,workload,high_pressure,social,high_workload,high_social,sleep,good_sleep,baseline_stress,stress_category,mood_valence,happy_now,stressed_now,tired_now,expect_happy,expect_stressed,expect_tired,activity_minutes,day_of_week,is_weekend,month,week
u00,2013-03-25,2.0,0.0,False,3.5,False,False,8.0,True,24.0,moderate,,,,,,,,160.99166666666667,0,False,3,13
u00,2013-03-26,2.0,0.0,False,2.3333333333333335,False,False,7.5,True,24.0,moderate,,,,,,,,160.99166666666667,1,False,3,13
u00,2013-03-27,1.0,0.0,False,4.0,False,True,8.0,True,24.0,moderate,,,,,,,,218.5,2,False,3,13
u00,2013-03-28,2.6666666666666665,0.0,False,3.0,False,False,6.5,False,24.0,moderate,,,,,,,,151.78333333333333,3,False,3,13
u00,2013-03-29,2.5,0.0,False,4.0,False,True,6.0,False,24.0,moderate,,,,,,,,260.28333333333336,4,False,3,13
u00,2013-03-30,4.0,0.0,False,4.0,False,True,7.0,False,24.0,moderate,,,,,,,,98.11666666666666,5,True,3,13
u00,2013-03-31,4.5,0.0,False,2.0,False,False,9.0,True,24.0,moderate,,,,,,,,271.65,6,True,3,13
u00,2013-04-02,1.0,0.0,False,3.5,False,False,7.0,False,24.0,moderate,,,,,,,,159.8,1,False,4,14
u00,2013-04-03,1.5,0.0,False,2.5,False,False,5.0,False,24.0,moderate,,,,,,,,184.83333333333334,2,False,4,14
u00,2013-04-04,2.75,0.0,False,3.0,False,False,10.0,True,24.0,moderate,,,,,,,,181.11666666666667,3,False,4,14
u00,2013-04-05,1.5,0.0,False,4.5,False,True,4.0,False,24.0,moderate,,,,,,,,213.88333333333333,4,False,4,14
u00,2013-04-06,1.0,0.0,False,2.0,False,False,9.0,True,24.0,moderate,,,,,,,,224.16666666666666,5,True,4,14
u00,2013-04-07,5.0,0.0,False,2.0,False,False,9.0,True,24.0,moderate,,,,,,,,109.31666666666666,6,True,4,14
u00,2013-04-08,3.0,1.0,False,4.0,False,True,4.5,False,24.0,moderate,,,,,,,,247.15,0,False,4,15
u00,2013-04-09,2.0,0.0,False,5.0,False,True,6.0,False,24.0,moderate,,,,,,,,122.68333333333334,1,False,4,15
u00,2013-04-10,1.0,0.0,False,4.0,False,True,5.0,False,24.0,moderate,,,,,,,,138.46666666666667,2,False,4,15
u00,2013-04-12,2.0,0.0,False,3.0,False,False,3.0,False,24.0,moderate,,,,,,,,158.95,4,False,4,15
u00,2013-04-14,3.0,0.0,False,2.0,False,False,10.666666666666666,True,24.0,moderate,,,,,,,,51.65,6,True,4,15
u00,2013-04-15,3.0,1.0,False,3.5,False,False,3.0,False,24.0,moderate,,,,,,,,196.71666666666667,0,False,4,16
u00,2013-04-16,3.0,0.0,False,3.5,False,False,7.0,False,24.0,moderate,,,,,,,,93.31666666666666,1,False,4,16
u00,2013-04-17,3.0,0.0,False,4.0,False,True,3.0,False,24.0,moderate,,,,,,,,192.35,2,False,4,16
u00,2013-04-18,4.0,0.0,False,3.5,False,False,7.0,False,24.0,moderate,-2.0,,,,0.0,1.0,0.0,95.43333333333334,3,False,4,16
u00,2013-04-23,1.0,0.0,False,3.0,False,False,6.0,False,24.0,moderate,-2.0,,,,0.0,1.0,0.0,133.0,1,False,4,17
u00,2013-04-25,1.0,0.0,False,3.5,False,False,5.0,False,24.0,moderate,-2.0,,,,0.0,1.0,0.0,159.16666666666666,3,False,4,17
u00,2013-04-26,1.0,0.0,False,3.5,False,False,7.0,False,24.0,moderate,-2.0,,,,0.0,1.0,0.0,162.18333333333334,4,False,4,17
u00,2013-04-28,1.0,0.0,False,2.0,False,False,7.0,False,24.0,moderate,-2.0,1.0,0.0,0.0,0.0,1.0,0.0,159.23333333333332,6,True,4,17
u00,2013-04-29,2.0,0.0,False,3.5,False,False,7.0,False,24.0,moderate,-2.0,1.0,0.0,0.0,0.0,0.0,1.0,197.1,0,False,4,18
u00,2013-04-30,3.0,1.0,False,3.5,False,False,7.0,False,24.0,moderate,-2.0,1.0,0.0,0.0,0.0,0.0,1.0,98.23333333333333,1,False,4,18
u00,2013-05-07,1.0,1.0,False,4.0,False,True,7.0,False,24.0,moderate,,1.0,0.0,0.0,1.0,0.0,0.0,165.16666666666666,1,False,5,19
u00,2013-05-08,3.0,0.0,False,3.5,False,False,6.0,False,24.0,moderate,2.0,1.0,0.0,0.0,1.0,0.0,0.0,245.58333333333334,2,False,5,19
u00,2013-05-09,4.0,0.0,False,3.5,False,False,10.0,True,24.0,moderate,2.0,0.0,0.0,1.0,1.0,0.0,0.0,259.51666666666665,3,False,5,19
u00,2013-05-15,2.5,0.0,False,3.5,False,False,7.0,False,24.0,moderate,2.0,1.0,0.0,0.0,,,,125.23333333333333,2,False,5,20
u00,2013-05-16,4.0,0.0,False,3.5,False,False,10.0,True,24.0,moderate,1.0,1.0,0.0,0.0,,,,437.35,3,False,5,20
u00,2013-05-17,4.0,0.0,False,3.5,False,False,9.0,True,24.0,moderate,1.0,1.0,0.0,0.0,,,,169.01666666666668,4,False,5,20
u00,2013-05-18,4.0,0.0,False,2.0,False,False,7.0,False,24.0,moderate,1.0,1.0,0.0,0.0,,,,0.0,5,True,5,20
u00,2013-05-20,1.0,0.0,False,3.5,False,False,7.0,False,24.0,moderate,0.0,0.0,0.0,1.0,1.0,0.0,0.0,0.0,0,False,5,21
u00,2013-05-21,2.0,0.0,False,1.0,False,False,7.0,False,24.0,moderate,0.0,0.0,0.0,1.0,1.0,0.0,0.0,160.99166666666667,1,False,5,21
u00,2013-05-22,1.0,0.0,False,3.5,False,False,7.0,False,24.0,moderate,0.0,1.0,0.0,0.0,1.0,0.0,0.0,33.81666666666667,2,False,5,21
u00,2013-05-23,1.0,0.0,False,3.5,False,False,9.0,True,24.0,moderate,0.0,1.0,0.0,0.0,1.0,0.0,0.0,189.96666666666667,3,False,5,21
u00,2013-05-24,1.0,0.0,False,3.5,False,False,9.0,True,24.0,moderate,0.0,1.0,0.0,0.0,1.0,0.0,0.0,188.51666666666668,4,False,5,21
u00,2013-05-25,2.0,0.0,False,2.0,False,False,7.0,False,24.0,moderate,0.0,1.0,0.0,0.0,1.0,0.0,0.0,153.73333333333332,5,True,5,21
u00,2013-06-03,1.0,0.0,False,1.0,False,False,7.0,False,24.0,moderate,,0.0,0.0,1.0,1.0,0.0,0.0,160.99166666666667,0,False,6,23
u00,2013-08-07,1.0,0.0,False,3.5,False,False,7.0,False,24.0,moderate,0.0,,,,1.0,0.0,0.0,160.99166666666667,2,False,8,32
u00,2013-08-08,3.0,0.0,False,3.5,False,False,7.0,False,24.0,moderate,0.0,,,,1.0,0.0,0.0,160.99166666666667,3,False,8,32
u00,2013-08-10,1.0,0.0,False,2.0,False,False,7.0,False,24.0,moderate,0.0,,,,1.0,0.0,0.0,160.99166666666667,5,True,8,32
u00,2013-08-16,2.0,0.0,False,3.5,False,False,7.0,False,24.0,moderate,0.0,,,,1.0,0.0,0.0,160.99166666666667,4,False,8,33
u01,2013-03-27,4.0,0.0,False,3.3333333333333335,False,True,7.0,False,15.0,moderate,,,,,,,,78.61666666666666,2,False,3,13
u01,2013-03-28,4.0,0.0,False,4.0,False,False,10.0,True,15.0,moderate,,,,,,,,150.45,3,False,3,13
u01,2013-03-29,1.0,0.0,False,4.0,False,True,7.0,False,15.0,moderate,,,,,,,,198.83333333333334,4,False,3,13
u01,2013-03-30,3.0,0.0,False,3.0,False,False,8.0,True,15.0,moderate,,,,,,,,98.66666666666667,5,True,3,13
u01,2013-03-31,1.0,0.0,False,4.0,False,True,8.0,True,15.0,moderate,,,,,,,,60.36666666666667,6,True,3,13
u01,2013-04-01,2.0,0.0,False,4.0,False,False,7.0,False,15.0,moderate,,,,,,,,204.58333333333334,0,False,4,14
u01,2013-04-03,1.0,0.0,False,2.0,False,False,6.0,False,15.0,moderate,,,,,,,,126.86666666666666,2,False,4,14
u01,2013-04-04,4.0,0.0,False,4.0,False,False,8.0,True,15.0,moderate,,,,,,,,156.93333333333334,3,False,4,14
u01,2013-04-05,4.0,0.0,False,4.0,False,True,7.0,False,15.0,moderate,,,,,,,,149.41666666666666,4,False,4,14
u01,2013-04-06,4.5,0.0,False,4.0,False,True,8.0,True,15.0,moderate,,,,,,,,119.4,5,True,4,14
u01,2013-04-07,1.0,0.0,False,3.0,False,False,9.0,True,15.0,moderate,,,,,,,,106.98333333333333,6,True,4,14
u01,2013-04-09,1.0,0.0,False,4.0,False,False,7.0,False,15.0,moderate,,,,,,,,82.75,1,False,4,15
u01,2013-04-10,1.5,0.0,False,3.0,False,False,6.5,False,15.0,moderate,,,,,,,,57.96666666666667,2,False,4,15
u01,2013-04-11,1.0,0.0,False,4.0,False,False,6.0,False,15.0,moderate,,,,,,,,97.3,3,False,4,15
u01,2013-04-12,1.0,0.0,False,2.0,False,False,5.0,False,15.0,moderate,,,,,,,,156.68333333333334,4,False,4,15
u01,2013-04-13,4.0,0.0,False,3.5,False,False,9.0,True,15.0,moderate,,,,,,,,129.16666666666666,5,True,4,15
u01,2013-04-14,1.0,0.0,False,3.5,False,False,8.0,True,15.0,moderate,,,,,,,,20.616666666666667,6,True,4,15
u01,2013-04-16,1.0,0.0,False,4.0,False,True,7.0,False,15.0,moderate,,,,,,,,57.9,1,False,4,16
u01,2013-04-17,1.0,0.0,False,4.0,False,True,6.0,False,15.0,moderate,,,,,,,,106.88333333333334,2,False,4,16
u01,2013-04-19,4.0,0.0,False,4.0,False,True,7.0,False,15.0,moderate,1.0,0.0,0.0,0.0,1.0,0.0,0.0,179.18333333333334,4,False,4,16
u01,2013-04-20,4.0,0.0,False,3.5,False,False,7.0,False,15.0,moderate,1.0,0.0,0.0,0.0,1.0,0.0,0.0,64.71666666666667,5,True,4,16
u01,2013-04-26,1.0,0.0,False,4.0,False,False,7.0,False,15.0,moderate,1.0,1.0,0.0,0.0,1.0,0.0,0.0,165.68333333333334,4,False,4,17
u01,2013-04-28,2.0,0.0,False,3.5,False,False,7.0,False,15.0,moderate,1.0,1.0,0.0,0.0,1.0,0.0,0.0,34.916666666666664,6,True,4,17
u01,2013-04-29,3.0,0.0,False,4.0,False,False,7.0,False,15.0,moderate,1.0,1.0,0.0,0.0,0.0,0.0,1.0,110.06666666666666,0,False,4,18
u01,2013-04-30,2.0,1.0,False,4.0,True,False,7.0,False,15.0,moderate,1.0,1.0,0.0,0.0,0.0,0.0,1.0,32.81666666666667,1,False,4,18
u01,2013-05-07,1.0,1.0,False,4.0,True,False,7.0,False,15.0,moderate,,1.0,0.0,0.0,0.0,0.0,1.0,23.633333333333333,1,False,5,19
u02,2013-03-27,4.0,0.0,False,3.0,False,False,8.0,True,21.0,moderate,,,,,,,,90.05,2,False,3,13
u02,2013-03-28,1.0,0.0,False,3.0,False,False,7.0,False,21.0,moderate,,,,,,,,172.06666666666666,3,False,3,13
u02,2013-03-29,4.0,0.0,False,4.0,False,True,7.0,False,21.0,moderate,,,,,,,,121.3,4,False,3,13
u02,2013-03-30,4.0,0.0,False,3.0,False,False,8.0,True,21.0,moderate,,,,,,,,129.2,5,True,3,13
u02,2013-03-31,5.0,0.0,False,2.5,False,False,7.0,False,21.0,moderate,,,,,,,,218.01666666666668,6,True,3,13
u02,2013-04-03,1.0,0.0,False,3.0,False,False,8.0,True,21.0,moderate,,,,,,,,110.9,2,False,4,14
u02,2013-04-04,2.0,0.0,False,3.0,False,False,8.0,True,21.0,moderate,,,,,,,,139.55,3,False,4,14
u02,2013-04-05,1.0,0.0,False,3.0,False,False,8.0,True,21.0,moderate,,,,,,,,151.75,4,False,4,14
u02,2013-04-07,4.0,0.0,False,3.0,False,False,8.0,False,21.0,moderate,,,,,,,,147.16666666666666,6,True,4,14
u02,2013-04-08,1.0,1.0,False,4.0,True,True,8.0,True,21.0,moderate,,,,,,,,99.48333333333333,0,False,4,15
u02,2013-04-09,1.0,0.0,False,2.0,False,False,7.0,False,21.0,moderate,,,,,,,,103.66666666666667,1,False,4,15
u02,2013-04-11,1.0,0.0,False,4.0,False,True,8.0,False,21.0,moderate,,,,,,,,90.46666666666667,3,False,4,15
u02,2013-04-13,1.0,0.0,False,2.0,False,False,8.0,True,21.0,moderate,,,,,,,,90.81666666666666,5,True,4,15
u02,2013-04-14,2.0,0.0,False,2.0,False,False,8.0,False,21.0,moderate,,,,,,,,62.7,6,True,4,15
u02,2013-04-15,1.0,1.0,False,3.0,True,False,8.0,False,21.0,moderate,,,,,,,,105.5,0,False,4,16
u02,2013-04-16,2.0,1.0,False,2.0,True,False,8.0,False,21.0,moderate,,,,,,,,69.38333333333334,1,False,4,16
u02,2013-04-17,4.0,0.0,False,3.0,False,False,9.0,True,21.0,moderate,,,,,,,,140.85,2,False,4,16
u02,2013-04-18,4.0,0.0,False,3.0,False,False,8.0,False,21.0,moderate,,0.0,1.0,0.0,0.0,1.0,0.0,124.76666666666667,3,False,4,16
u02,2013-04-20,4.0,0.0,False,2.5,False,False,8.0,False,21.0,moderate,,0.0,1.0,0.0,0.0,1.0,0.0,109.5,5,True,4,16
u02,2013-04-23,1.0,0.0,False,2.0,False,False,8.0,False,21.0,moderate,,0.0,1.0,0.0,0.0,1.0,0.0,94.2,1,False,4,17
u02,2013-04-25,1.0,0.0,False,3.0,False,False,7.0,False,21.0,moderate,,0.0,1.0,0.0,0.0,1.0,0.0,102.95,3,False,4,17
u02,2013-04-29,2.0,0.0,False,3.0,False,False,8.0,False,21.0,moderate,,1.0,0.0,0.0,1.0,0.0,0.0,103.08333333333333,0,False,4,18
u02,2013-04-30,2.0,2.0,True,3.0,True,False,8.0,False,21.0,moderate,,1.0,0.0,0.0,1.0,0.0,0.0,70.98333333333333,1,False,4,18
u02,2013-05-03,1.0,0.0,False,3.0,False,False,8.5,True,21.0,moderate,,1.0,0.0,0.0,1.0,0.0,0.0,93.41666666666667,4,False,5,18
u02,2013-05-06,1.0,0.0,False,3.0,False,False,8.0,False,21.0,moderate,,0.0,0.0,1.0,1.0,0.0,0.0,117.01666666666667,0,False,5,19
u02,2013-05-07,1.0,1.0,False,3.0,True,False,8.0,False,21.0,moderate,,0.0,0.0,1.0,1.0,0.0,0.0,148.45,1,False,5,19
u02,2013-05-08,1.0,0.0,False,3.0,False,False,8.0,False,21.0,moderate,,0.0,0.0,1.0,1.0,0.0,0.0,120.3,2,False,5,19
u03,2013-03-27,4.5,0.0,False,1.5,False,False,8.333333333333334,True,17.0,moderate,,,,,,,,35.43333333333333,2,False,3,13
u03,2013-03-28,1.0,0.0,False,3.0,False,False,7.0,False,17.0,moderate,,,,,,,,15.533333333333333,3,False,3,13
u03,2013-03-31,3.375,0.0,False,1.5,False,False,7.666666666666667,True,17.0,moderate,,,,,,,,6.616666666666666,6,True,3,13
u03,2013-04-04,5.0,0.0,False,1.5,False,False,10.0,True,17.0,moderate,,,,,,,,0.0,3,False,4,14
u03,2013-04-05,5.0,0.0,False,1.0,False,False,4.0,False,17.0,moderate,,,,,,,,28.7,4,False,4,14
u03,2013-04-06,2.0,0.0,False,2.0,False,False,7.0,False,17.0,moderate,,,,,,,,67.53333333333333,5,True,4,14
u03,2013-04-07,1.0,0.0,False,2.0,False,False,6.0,False,17.0,moderate,,,,,,,,0.5,6,True,4,14
u03,2013-04-08,5.0,2.0,True,1.5,True,False,7.0,False,17.0,moderate,,,,,,,,69.35,0,False,4,15
u03,2013-04-09,1.0,0.0,False,2.0,False,False,8.0,True,17.0,moderate,,,,,,,,0.31666666666666665,1,False,4,15
u03,2013-04-14,4.0,0.0,False,2.0,False,False,7.0,False,17.0,moderate,,,,,,,,0.85,6,True,4,15
u03,2013-04-17,2.0,1.0,False,1.5,True,False,7.0,False,17.0,moderate,,,,,,,,84.35,2,False,4,16
u03,2013-04-21,2.0,0.0,False,2.0,False,False,7.0,False,17.0,moderate,,,,,,,,28.916666666666668,6,True,4,16
u03,2013-04-23,1.0,0.0,False,1.0,False,False,7.0,False,17.0,moderate,,,,,,,,107.23333333333333,1,False,4,17
u03,2013-04-25,1.0,0.0,False,1.5,False,False,7.0,False,17.0,moderate,,,,,0.0,1.0,0.0,79.85,3,False,4,17
u03,2013-04-26,1.0,1.0,False,1.5,True,False,7.0,False,17.0,moderate,,,,,0.0,1.0,0.0,79.46666666666667,4,False,4,17
u03,2013-04-28,2.0,0.0,False,2.0,False,False,7.0,False,17.0,moderate,,,,,0.0,1.0,0.0,30.566666666666666,6,True,4,17
u03,2013-04-29,3.3333333333333335,1.0,False,1.5,True,False,7.0,False,17.0,moderate,0.0,0.0,1.0,0.0,0.0,1.0,0.0,53.6,0,False,4,18
u03,2013-04-30,5.0,1.0,False,1.5,True,False,7.0,False,17.0,moderate,0.0,0.0,1.0,0.0,0.0,1.0,0.0,129.33333333333334,1,False,4,18
u03,2013-05-12,1.0,0.0,False,2.0,False,False,13.0,True,17.0,moderate,0.0,0.0,1.0,0.0,0.0,1.0,0.0,3.2,6,True,5,19
u04,2013-03-27,2.5,0.0,False,3.0,False,False,6.0,False,21.0,moderate,,,,,,,,132.28333333333333,2,False,3,13
u04,2013-03-28,1.0,0.0,False,3.0,False,False,6.5,False,21.0,moderate,,,,,,,,185.06666666666666,3,False,3,13
u04,2013-03-29,1.3333333333333333,0.0,False,3.0,False,False,6.0,False,21.0,moderate,,,,,,,,267.73333333333335,4,False,3,13
u04,2013-03-30,1.0,0.0,False,3.0,False,False,7.0,False,21.0,moderate,,,,,,,,186.03333333333333,5,True,3,13
u04,2013-03-31,1.0,0.0,False,3.5,False,True,7.0,False,21.0,moderate,,,,,,,,194.75,6,True,3,13
u04,2013-04-02,2.0,0.0,False,3.0,False,False,8.0,True,21.0,moderate,,,,,,,,187.6,1,False,4,14
u04,2013-04-03,2.0,0.0,False,2.3333333333333335,False,False,8.0,True,21.0,moderate,,,,,,,,216.98333333333332,2,False,4,14
u04,2013-04-04,1.0,0.0,False,3.0,False,False,7.0,False,21.0,moderate,,,,,,,,211.51666666666668,3,False,4,14
u04,2013-04-05,2.0,0.0,False,3.0,False,False,6.5,False,21.0,moderate,,,,,,,,260.7,4,False,4,14
u04,2013-04-06,1.0,0.0,False,3.25,False,False,6.5,False,21.0,moderate,,,,,,,,519.6833333333333,5,True,4,14
u04,2013-04-07,1.0,0.0,False,3.6666666666666665,False,True,5.0,False,21.0,moderate,,,,,,,,92.38333333333334,6,True,4,14
u04,2013-04-08,1.0,1.0,False,3.0,True,False,8.0,True,21.0,moderate,,,,,,,,157.98333333333332,0,False,4,15
u04,2013-04-09,1.0,0.0,False,3.0,False,False,8.0,True,21.0,moderate,,,,,,,,260.2,1,False,4,15
u04,2013-04-11,3.0,0.0,False,3.0,False,False,7.0,False,21.0,moderate,,,,,,,,171.9,3,False,4,15
u04,2013-04-15,2.5,1.0,False,3.0,True,False,6.0,False,21.0,moderate,,,,,,,,145.75,0,False,4,16
u04,2013-04-16,2.5,0.0,False,3.0,False,False,6.0,False,21.0,moderate,,,,,,,,132.68333333333334,1,False,4,16
u04,2013-04-17,1.0,0.0,False,3.0,False,False,6.0,False,21.0,moderate,,,,,,,,234.75,2,False,4,16
u04,2013-04-18,1.0,0.0,False,3.0,False,False,6.0,False,21.0,moderate,-3.0,,,,,,,209.08333333333334,3,False,4,16
u04,2013-04-22,1.0,1.0,False,3.0,True,False,7.0,False,21.0,moderate,-3.0,0.0,1.0,0.0,,,,207.21666666666667,0,False,4,17
u04,2013-04-25,3.0,0.0,False,3.0,False,False,6.5,False,21.0,moderate,-3.0,0.0,1.0,0.0,0.0,1.0,0.0,175.11666666666667,3,False,4,17
u04,2013-04-26,3.0,0.0,False,3.0,False,False,6.5,False,21.0,moderate,-3.0,0.0,1.0,0.0,0.0,1.0,0.0,200.55,4,False,4,17
u04,2013-04-28,3.0,0.0,False,3.0,False,False,6.5,False,21.0,moderate,-3.0,0.0,1.0,0.0,0.0,1.0,0.0,153.71666666666667,6,True,4,17
u04,2013-04-29,3.0,0.0,False,3.0,False,False,6.5,False,21.0,moderate,-3.0,0.0,1.0,0.0,0.0,1.0,0.0,151.46666666666667,0,False,4,18
u04,2013-04-30,3.0,1.0,False,3.0,True,False,6.0,False,21.0,moderate,-3.0,0.0,1.0,0.0,0.0,1.0,0.0,147.83333333333334,1,False,4,18
u04,2013-05-07,2.0,1.0,False,3.0,True,False,6.5,False,21.0,moderate,1.0,1.0,0.0,0.0,0.0,1.0,0.0,251.73333333333332,1,False,5,19
u04,2013-05-08,1.0,0.0,False,3.0,False,False,6.5,False,21.0,moderate,1.0,0.0,1.0,0.0,0.0,1.0,0.0,149.96666666666667,2,False,5,19
u04,2013-05-09,3.0,0.0,False,3.0,False,False,6.5,False,21.0,moderate,1.0,0.0,1.0,0.0,0.0,1.0,0.0,146.35,3,False,5,19
u05,2013-03-27,4.333333333333333,0.0,False,3.5,False,True,7.5,True,7.0,low,,,,,,,,83.5,2,False,3,13
u05,2013-03-28,2.5,0.0,False,3.0,False,False,8.0,True,7.0,low,,,,,,,,190.8,3,False,3,13
u05,2013-03-30,4.0,0.0,False,5.5,False,True,7.0,False,7.0,low,,,,,,,,272.28333333333336,5,True,3,13
u05,2013-03-31,1.0,1.0,False,5.0,True,True,8.0,True,7.0,low,,,,,,,,117.4,6,True,3,13
u07,2013-03-27,2.1666666666666665,0.0,False,3.0,False,False,6.0,False,12.0,low,,,,,,,,142.96666666666667,2,False,3,13
u07,2013-03-28,2.0,0.0,False,3.0,False,False,7.0,False,12.0,low,,,,,,,,153.56666666666666,3,False,3,13
u07,2013-03-29,2.875,0.0,False,3.5,False,True,6.0,False,12.0,low,,,,,,,,145.15,4,False,3,13
u07,2013-03-30,4.5,0.0,False,3.0,False,False,8.0,True,12.0,low,,,,,,,,108.68333333333334,5,True,3,13
u07,2013-03-31,3.857142857142857,0.0,False,3.0,False,False,8.0,True,12.0,low,,,,,,,,140.28333333333333,6,True,3,13
u07,2013-04-01,4.5,1.0,False,3.5,True,True,7.0,False,12.0,low,,,,,,,,117.23333333333333,0,False,4,14
u07,2013-04-03,4.0,0.0,False,3.5,False,True,7.0,False,12.0,low,,,,,,,,154.03333333333333,2,False,4,14
u07,2013-04-04,4.0,0.0,False,3.0,False,False,5.0,False,12.0,low,,,,,,,,203.71666666666667,3,False,4,14
u07,2013-04-05,5.0,0.0,False,3.0,False,False,7.0,False,12.0,low,,,,,,,,258.1,4,False,4,14
u07,2013-04-08,4.0,2.0,True,3.0,True,False,5.0,False,12.0,low,,,,,,,,417.35,0,False,4,15
u07,2013-04-11,3.0,0.0,False,3.0,False,False,8.5,True,12.0,low,,,,,,,,89.33333333333333,3,False,4,15
u07,2013-04-12,2.5,0.0,False,3.0,False,False,8.0,True,12.0,low,,,,,,,,85.58333333333333,4,False,4,15
u07,2013-04-13,4.0,0.0,False,3.0,False,False,7.0,False,12.0,low,,,,,,,,26.183333333333334,5,True,4,15
u07,2013-04-15,2.0,2.0,True,3.0,True,False,7.0,False,12.0,low,,,,,,,,68.41666666666667,0,False,4,16
u07,2013-04-16,1.0,1.0,False,3.0,True,False,7.0,False,12.0,low,,,,,,,,191.5,1,False,4,16
u07,2013-04-17,4.0,0.0,False,3.0,False,False,6.0,False,12.0,low,,,,,,,,110.33333333333333,2,False,4,16
u07,2013-04-18,4.0,0.0,False,3.0,False,False,7.0,False,12.0,low,-1.0,,,,1.0,0.0,0.0,93.66666666666667,3,False,4,16
u07,2013-04-20,4.0,0.0,False,4.0,False,True,7.0,False,12.0,low,-1.0,,,,1.0,0.0,0.0,57.38333333333333,5,True,4,16
u07,2013-04-23,4.5,0.0,False,4.0,False,True,8.0,True,12.0,low,-1.0,,,,1.0,0.0,0.0,105.26666666666667,1,False,4,17
u08,2013-03-27,2.0,0.0,False,2.3333333333333335,False,False,6.0,False,23.0,moderate,,,,,,,,131.48333333333332,2,False,3,13
u08,2013-03-28,2.6666666666666665,0.0,False,2.0,False,False,10.0,True,23.0,moderate,,,,,,,,132.6,3,False,3,13
u08,2013-03-29,1.5,0.0,False,2.0,False,False,6.0,False,23.0,moderate,,,,,,,,93.45,4,False,3,13
u08,2013-03-30,1.0,0.0,False,2.0,False,False,10.0,True,23.0,moderate,,,,,,,,70.38333333333334,5,True,3,13
u08,2013-03-31,1.0,0.0,False,2.0,False,False,7.0,False,23.0,moderate,,,,,,,,60.733333333333334,6,True,3,13
u08,2013-04-01,1.6,0.0,False,2.5,False,False,6.0,False,23.0,moderate,,,,,,,,214.78333333333333,0,False,4,14
u08,2013-04-02,1.0,0.0,False,3.0,False,False,8.0,True,23.0,moderate,,,,,,,,100.63333333333334,1,False,4,14
u08,2013-04-03,1.0,0.0,False,3.0,False,False,6.0,False,23.0,moderate,,,,,,,,94.6,2,False,4,14
u08,2013-04-04,1.0,0.0,False,2.5,False,False,8.0,True,23.0,moderate,,,,,,,,144.8,3,False,4,14
u08,2013-04-05,2.0,0.0,False,3.0,False,False,6.0,False,23.0,moderate,,,,,,,,142.76666666666668,4,False,4,14
u08,2013-04-06,1.0,0.0,False,3.0,False,False,7.0,False,23.0,moderate,,,,,,,,194.95,5,True,4,14
u08,2013-04-07,1.0,0.0,False,3.0,False,False,6.0,False,23.0,moderate,,,,,,,,86.15,6,True,4,14
u08,2013-04-08,1.0,1.0,False,4.0,True,True,8.0,True,23.0,moderate,,,,,,,,135.21666666666667,0,False,4,15
u08,2013-04-09,1.0,1.0,False,3.0,True,False,7.0,False,23.0,moderate,,,,,,,,125.3,1,False,4,15
u08,2013-04-10,3.0,0.0,False,3.0,False,False,7.0,False,23.0,moderate,,,,,,,,149.23333333333332,2,False,4,15
u08,2013-04-11,1.0,0.0,False,3.0,False,False,7.0,False,23.0,moderate,,,,,,,,70.63333333333334,3,False,4,15
u08,2013-04-12,2.0,1.0,False,3.0,True,False,7.0,False,23.0,moderate,,,,,,,,83.9,4,False,4,15
u08,2013-04-13,2.0,0.0,False,3.0,False,False,7.0,False,23.0,moderate,,,,,,,,60.56666666666667,5,True,4,15
u08,2013-04-14,2.0,0.0,False,3.0,False,False,8.0,True,23.0,moderate,,,,,,,,64.33333333333333,6,True,4,15
u08,2013-04-15,2.3333333333333335,1.0,False,3.0,True,False,10.0,True,23.0,moderate,,,,,,,,138.4,0,False,4,16
u08,2013-04-16,2.0,0.0,False,3.0,False,False,8.0,True,23.0,moderate,,,,,,,,128.61666666666667,1,False,4,16
u08,2013-04-17,2.0,0.0,False,3.0,False,False,7.0,False,23.0,moderate,,,,,,,,137.4,2,False,4,16
u08,2013-04-18,2.5,0.0,False,3.0,False,False,6.5,False,23.0,moderate,-0.3333333333333333,0.0,0.5,0.0,0.3333333333333333,0.6666666666666666,0.0,143.01666666666668,3,False,4,16
u08,2013-04-20,2.0,0.0,False,4.0,False,True,7.0,False,23.0,moderate,-0.3333333333333333,0.0,0.5,0.0,0.3333333333333333,0.6666666666666666,0.0,77.75,5,True,4,16
u08,2013-04-21,3.0,0.0,False,3.0,False,False,6.0,False,23.0,moderate,-0.3333333333333333,0.0,0.5,0.0,0.3333333333333333,0.6666666666666666,0.0,149.38333333333333,6,True,4,16
u08,2013-04-23,2.0,1.0,False,2.5,True,False,4.0,False,23.0,moderate,-0.3333333333333333,0.0,0.5,0.0,0.3333333333333333,0.6666666666666666,0.0,129.56666666666666,1,False,4,17
u08,2013-04-25,3.0,0.0,False,3.0,False,False,8.5,True,23.0,moderate,-0.3333333333333333,0.0,0.5,0.0,0.3333333333333333,0.6666666666666666,0.0,152.26666666666668,3,False,4,17
u08,2013-04-26,2.3333333333333335,0.0,False,3.0,False,False,7.0,False,23.0,moderate,-0.3333333333333333,0.0,0.5,0.0,0.3333333333333333,0.6666666666666666,0.0,160.96666666666667,4,False,4,17
u08,2013-04-27,3.0,0.0,False,3.0,False,False,7.0,False,23.0,moderate,-1.0,0.0,1.0,0.0,0.0,1.0,0.0,94.36666666666666,5,True,4,17
u08,2013-04-29,2.0,1.0,False,3.0,True,False,7.0,False,23.0,moderate,-1.0,0.0,1.0,0.0,0.0,1.0,0.0,115.73333333333333,0,False,4,18
u08,2013-05-01,1.3,0.0,False,3.0,False,False,6.0,False,23.0,moderate,-2.0,1.0,0.0,0.0,1.0,0.0,0.0,212.66666666666666,2,False,5,18
u08,2013-05-02,1.0,1.0,False,3.0,True,False,7.0,False,23.0,moderate,-2.0,1.0,0.0,0.0,1.0,0.0,0.0,98.86666666666666,3,False,5,18
u08,2013-05-05,3.0,0.0,False,3.0,False,False,8.0,True,23.0,moderate,0.0,0.0,1.0,0.0,0.0,1.0,0.0,142.65,6,True,5,18
u08,2013-05-07,2.0,2.0,True,3.0,True,False,8.0,True,23.0,moderate,0.0,0.0,0.0,1.0,0.0,0.0,1.0,108.96666666666667,1,False,5,19
u08,2013-05-08,2.0,0.0,False,3.0,False,False,7.0,False,23.0,moderate,0.0,0.0,0.0,1.0,0.0,0.0,1.0,195.03333333333333,2,False,5,19
u08,2013-05-09,2.0,0.0,False,3.0,False,False,6.5,False,23.0,moderate,0.0,0.0,0.0,1.0,0.0,0.0,1.0,119.2,3,False,5,19
u08,2013-05-19,2.0,0.0,False,3.0,False,False,9.0,True,23.0,moderate,-3.0,0.0,1.0,0.0,,,,91.05,6,True,5,20
u08,2013-05-23,2.0,0.0,False,3.0,False,False,1.0,False,23.0,moderate,-2.0,0.0,1.0,0.0,,,,110.95,3,False,5,21
u08,2013-05-24,2.0,0.0,False,3.0,False,False,7.0,False,23.0,moderate,-2.0,0.0,1.0,0.0,,,,76.0,4,False,5,21
u09,2013-03-27,4.0,0.0,False,3.0,False,False,8.0,True,13.0,low,,,,,,,,75.38333333333334,2,False,3,13
u09,2013-03-28,4.0,0.0,False,3.0,False,False,8.0,True,13.0,low,,,,,,,,139.5,3,False,3,13
u09,2013-03-29,1.0,0.0,False,3.0,False,False,8.0,True,13.0,low,,,,,,,,218.43333333333334,4,False,3,13
u10,2013-03-28,2.0,0.0,False,3.0,False,False,8.0,False,20.0,moderate,,,,,,,,60.6,3,False,3,13
u10,2013-03-30,2.0,0.0,False,3.0,False,False,7.5,True,20.0,moderate,,,,,,,,58.96666666666667,5,True,3,13
u10,2013-03-31,2.8,1.0,False,3.0,True,False,8.0,True,20.0,moderate,,,,,,,,60.46666666666667,6,True,3,13
u10,2013-04-01,2.5,0.0,False,4.0,False,True,7.0,False,20.0,moderate,,,,,,,,65.03333333333333,0,False,4,14
u10,2013-04-02,2.5,0.0,False,3.0,False,False,7.0,False,20.0,moderate,,,,,,,,66.4,1,False,4,14
u10,2013-04-03,3.5,0.0,False,3.0,False,False,8.0,True,20.0,moderate,,,,,,,,70.46666666666667,2,False,4,14
u10,2013-04-04,1.75,0.0,False,3.0,False,False,7.0,False,20.0,moderate,,,,,,,,79.68333333333334,3,False,4,14
u10,2013-04-05,1.25,0.0,False,3.0,False,False,7.0,False,20.0,moderate,,,,,,,,67.36666666666666,4,False,4,14
u10,2013-04-06,3.5,0.0,False,3.0,False,False,8.0,True,20.0,moderate,,,,,,,,74.9,5,True,4,14
u10,2013-04-07,2.0,1.0,False,3.0,True,False,7.0,False,20.0,moderate,,,,,,,,65.61666666666666,6,True,4,14
u10,2013-04-08,3.5,1.0,False,3.0,True,False,8.0,True,20.0,moderate,,,,,,,,79.96666666666667,0,False,4,15
u10,2013-04-09,2.6666666666666665,0.0,False,3.0,False,False,8.0,True,20.0,moderate,,,,,,,,82.91666666666667,1,False,4,15
u10,2013-04-10,2.5,0.0,False,3.0,False,False,8.0,True,20.0,moderate,,,,,,,,63.93333333333333,2,False,4,15
u10,2013-04-11,1.8,0.0,False,3.0,False,False,8.0,True,20.0,moderate,,,,,,,,97.25,3,False,4,15
u10,2013-04-12,2.5,0.0,False,3.0,False,False,7.0,False,20.0,moderate,,,,,,,,71.26666666666667,4,False,4,15
u10,2013-04-13,1.0,0.0,False,3.0,False,False,6.0,False,20.0,moderate,,,,,,,,68.4,5,True,4,15
u10,2013-04-15,1.5,1.0,False,3.0,True,False,8.0,True,20.0,moderate,,,,,,,,51.21666666666667,0,False,4,16
u10,2013-04-16,1.0,1.0,False,4.0,True,True,8.0,True,20.0,moderate,,,,,,,,86.01666666666667,1,False,4,16
u10,2013-04-17,1.6666666666666667,1.0,False,3.0,True,False,8.0,True,20.0,moderate,,,,,,,,107.58333333333333,2,False,4,16
u10,2013-04-18,2.5,0.0,False,4.0,False,True,8.0,True,20.0,moderate,0.25,0.0,0.0,0.0,0.0,1.0,0.0,82.13333333333334,3,False,4,16
u10,2013-04-20,2.5,0.0,False,3.0,False,False,8.0,False,20.0,moderate,0.25,0.0,0.0,0.0,0.0,1.0,0.0,75.1,5,True,4,16
u10,2013-04-21,4.0,0.0,False,3.0,False,False,8.0,True,20.0,moderate,0.25,0.0,0.0,0.0,0.0,1.0,0.0,86.58333333333333,6,True,4,16
u10,2013-04-22,4.0,1.0,False,4.0,True,True,8.0,True,20.0,moderate,0.25,0.0,0.0,0.0,0.0,1.0,0.0,66.81666666666666,0,False,4,17
u10,2013-04-23,1.6666666666666667,0.0,False,3.0,False,False,6.0,False,20.0,moderate,0.25,0.0,0.0,0.0,0.0,1.0,0.0,111.46666666666667,1,False,4,17
u10,2013-04-24,2.5,0.0,False,3.0,False,False,8.0,False,20.0,moderate,0.25,0.0,0.0,0.0,0.0,1.0,0.0,87.9,2,False,4,17
u10,2013-04-25,2.5,0.0,False,3.0,False,False,8.0,False,20.0,moderate,0.25,0.0,0.0,0.0,0.0,1.0,0.0,81.91666666666667,3,False,4,17
u10,2013-04-26,1.5,0.0,False,3.0,False,False,8.0,True,20.0,moderate,0.0,0.0,1.0,0.0,0.0,1.0,0.0,64.86666666666666,4,False,4,17
u10,2013-04-27,4.0,0.0,False,3.0,False,False,8.0,True,20.0,moderate,1.0,1.0,0.0,0.0,0.0,1.0,0.0,82.53333333333333,5,True,4,17
u10,2013-04-28,1.0,0.0,False,4.0,False,True,8.0,False,20.0,moderate,1.0,1.0,0.0,0.0,0.0,1.0,0.0,59.18333333333333,6,True,4,17
u10,2013-04-29,3.5,0.0,False,3.0,False,False,8.0,True,20.0,moderate,1.0,1.0,0.0,0.0,0.0,1.0,0.0,78.28333333333333,0,False,4,18
u10,2013-04-30,2.5,2.0,True,3.0,True,False,7.0,False,20.0,moderate,1.0,1.0,0.0,0.0,0.0,1.0,0.0,71.16666666666667,1,False,4,18
u10,2013-05-02,1.0,0.0,False,3.0,False,False,8.0,True,20.0,moderate,1.0,0.0,0.0,1.0,0.0,1.0,0.0,66.7,3,False,5,18
u10,2013-05-03,1.0,0.0,False,3.0,False,False,7.0,False,20.0,moderate,1.0,0.0,0.0,1.0,0.0,1.0,0.0,123.96666666666667,4,False,5,18
u10,2013-05-07,1.0,2.0,True,3.0,True,False,5.0,False,20.0,moderate,,0.0,0.0,1.0,0.0,1.0,0.0,94.11666666666666,1,False,5,19
u10,2013-05-08,1.0,1.0,False,3.0,True,False,10.0,True,20.0,moderate,0.0,0.0,1.0,0.0,0.0,1.0,0.0,66.33333333333333,2,False,5,19
u10,2013-05-09,1.0,0.0,False,3.0,False,False,8.0,False,20.0,moderate,0.0,0.0,1.0,0.0,,,,117.23333333333333,3,False,5,19
u10,2013-05-15,3.0,0.0,False,3.0,False,False,8.0,False,20.0,moderate,0.0,1.0,0.0,0.0,,,,114.66666666666667,2,False,5,20
u10,2013-05-17,1.0,0.0,False,3.0,False,False,8.0,False,20.0,moderate,0.0,1.0,0.0,0.0,,,,69.46666666666667,4,False,5,20
u10,2013-05-18,2.0,0.0,False,3.0,False,False,8.0,False,20.0,moderate,0.0,1.0,0.0,0.0,,,,89.95,5,True,5,20
u10,2013-05-23,4.0,0.0,False,3.0,False,False,8.0,False,20.0,moderate,0.0,0.0,0.0,1.0,,,,133.76666666666668,3,False,5,21
u12,2013-03-27,4.0,1.0,False,2.5,True,False,6.0,False,11.0,low,,,,,,,,101.33333333333333,2,False,3,13
u12,2013-03-28,3.5,0.0,False,2.0,False,False,8.0,True,11.0,low,,,,,,,,90.15,3,False,3,13
u12,2013-03-29,1.0,0.0,False,3.0,False,False,8.0,True,11.0,low,,,,,,,,94.58333333333333,4,False,3,13
u12,2013-03-30,3.0,0.0,False,3.5,False,False,7.0,False,11.0,low,,,,,,,,126.86666666666666,5,True,3,13
u12,2013-04-01,4.0,0.0,False,1.0,False,False,7.0,False,11.0,low,,,,,,,,156.91666666666666,0,False,4,14
u12,2013-04-03,2.0,0.0,False,2.5,False,False,7.5,True,11.0,low,,,,,,,,91.23333333333333,2,False,4,14
u12,2013-04-04,3.0,0.0,False,3.0,False,False,7.0,False,11.0,low,,,,,,,,100.13333333333334,3,False,4,14
u12,2013-04-05,4.0,0.0,False,2.5,False,False,8.0,True,11.0,low,,,,,,,,277.75,4,False,4,14
u12,2013-04-06,3.0,0.0,False,3.5,False,False,7.0,False,11.0,low,,,,,,,,111.0,5,True,4,14
u12,2013-04-09,1.0,0.0,False,2.5,False,False,7.0,False,11.0,low,,,,,,,,194.31666666666666,1,False,4,15
u12,2013-04-10,2.5,1.0,False,3.0,True,False,6.5,False,11.0,low,,,,,,,,223.1,2,False,4,15
u12,2013-04-11,1.0,0.0,False,1.0,False,False,8.0,True,11.0,low,,,,,,,,92.31666666666666,3,False,4,15
u12,2013-04-13,3.0,0.0,False,3.5,False,True,9.0,True,11.0,low,,,,,,,,88.61666666666666,5,True,4,15
u12,2013-04-15,1.0,1.0,False,2.5,True,False,6.0,False,11.0,low,,,,,,,,63.8,0,False,4,16
u12,2013-04-16,1.0,1.0,False,2.5,True,False,6.0,False,11.0,low,,,,,,,,77.46666666666667,1,False,4,16
u12,2013-04-19,5.0,0.0,False,3.0,False,False,7.0,False,11.0,low,,,,,0.0,1.0,0.0,78.58333333333333,4,False,4,16
u12,2013-04-25,1.0,0.0,False,2.5,False,False,7.0,False,11.0,low,,,,,0.0,1.0,0.0,128.93333333333334,3,False,4,17
u12,2013-04-29,3.0,1.0,False,1.0,True,False,7.0,False,11.0,low,0.0,0.0,1.0,0.0,0.0,1.0,0.0,95.03333333333333,0,False,4,18
u12,2013-04-30,3.0,2.0,True,2.5,True,False,7.0,False,11.0,low,0.0,0.0,1.0,0.0,0.0,1.0,0.0,51.333333333333336,1,False,4,18
u12,2013-05-07,1.0,2.0,True,2.5,True,False,7.0,False,11.0,low,0.0,0.0,1.0,0.0,0.0,1.0,0.0,151.3,1,False,5,19
u12,2013-05-08,1.0,1.0,False,2.5,True,False,7.0,False,11.0,low,0.0,0.0,0.0,1.0,0.0,1.0,0.0,134.18333333333334,2,False,5,19
u12,2013-05-23,2.0,0.0,False,2.5,False,False,7.0,False,11.0,low,,0.0,1.0,0.0,,,,55.666666666666664,3,False,5,21
u14,2013-03-27,4.0,0.0,False,4.0,False,True,7.0,False,9.0,low,,,,,,,,103.53333333333333,2,False,3,13
u14,2013-03-28,4.0,1.0,False,3.0,True,False,7.0,False,9.0,low,,,,,,,,278.03333333333336,3,False,3,13
u14,2013-03-29,1.0,0.0,False,3.0,False,False,7.0,False,9.0,low,,,,,,,,307.95,4,False,3,13
u14,2013-03-30,1.0,0.0,False,3.6666666666666665,False,True,5.0,False,9.0,low,,,,,,,,249.61666666666667,5,True,3,13
u14,2013-04-01,2.0,0.0,False,2.0,False,False,7.0,False,9.0,low,,,,,,,,99.16666666666667,0,False,4,14
u14,2013-04-03,2.0,0.0,False,2.5,False,False,6.0,False,9.0,low,,,,,,,,255.68333333333334,2,False,4,14
u14,2013-04-04,2.0,0.0,False,3.0,False,False,8.0,True,9.0,low,,,,,,,,218.13333333333333,3,False,4,14
u14,2013-04-05,2.0,0.0,False,3.0,False,False,6.0,False,9.0,low,,,,,,,,241.25,4,False,4,14
u14,2013-04-06,2.0,0.0,False,4.0,False,True,8.0,True,9.0,low,,,,,,,,320.28333333333336,5,True,4,14
u14,2013-04-08,2.0,1.0,False,3.0,True,False,7.0,False,9.0,low,,,,,,,,117.8,0,False,4,15
u14,2013-04-09,2.0,2.0,True,3.0,True,False,6.0,False,9.0,low,,,,,,,,143.95,1,False,4,15
u14,2013-04-10,2.0,0.0,False,3.0,False,False,6.0,False,9.0,low,,,,,,,,260.81666666666666,2,False,4,15
u14,2013-04-11,2.0,1.0,False,4.0,True,True,9.0,True,9.0,low,,,,,,,,108.75,3,False,4,15
u14,2013-04-12,2.0,0.0,False,4.0,False,True,7.0,False,9.0,low,,,,,,,,168.9,4,False,4,15
u14,2013-04-13,2.0,0.0,False,3.833333333333333,False,False,7.0,False,9.0,low,,,,,,,,99.8,5,True,4,15
u14,2013-04-14,2.0,0.0,False,3.833333333333333,False,False,7.0,False,9.0,low,,,,,,,,204.08333333333334,6,True,4,15
u14,2013-04-15,2.0,1.0,False,3.0,True,False,8.0,True,9.0,low,,,,,,,,81.61666666666666,0,False,4,16
u14,2013-04-16,2.0,1.0,False,3.0,True,False,7.0,False,9.0,low,,,,,,,,270.21666666666664,1,False,4,16
u14,2013-04-17,2.0,0.0,False,4.0,False,True,8.0,True,9.0,low,,,,,,,,94.38333333333334,2,False,4,16
u14,2013-04-18,2.0,2.0,True,3.0,True,False,7.0,False,9.0,low,,,,,1.0,0.0,0.0,157.11666666666667,3,False,4,16
u14,2013-04-20,2.0,0.0,False,3.833333333333333,False,False,7.0,False,9.0,low,,,,,1.0,0.0,0.0,263.35,5,True,4,16
u14,2013-04-26,2.0,0.0,False,3.0,False,False,7.0,False,9.0,low,,,,,1.0,0.0,0.0,218.66666666666666,4,False,4,17
u14,2013-04-29,2.3333333333333335,0.0,False,3.0,False,False,4.0,False,9.0,low,1.0,,,,0.0,1.0,0.0,75.21666666666667,0,False,4,18
u14,2013-04-30,2.5,3.0,True,3.0,True,False,7.0,False,9.0,low,1.0,,,,1.0,0.0,0.0,96.63333333333334,1,False,4,18
u14,2013-05-08,3.0,0.0,False,3.0,False,False,7.0,False,9.0,low,1.0,0.0,1.0,0.0,1.0,0.0,0.0,125.55,2,False,5,19
u14,2013-05-09,3.0,0.0,False,3.0,False,False,8.0,True,9.0,low,1.0,0.0,1.0,0.0,1.0,0.0,0.0,91.88333333333334,3,False,5,19
u14,2013-05-20,3.0,0.0,False,3.0,False,False,7.0,False,9.0,low,,0.0,1.0,0.0,1.0,0.0,0.0,46.81666666666667,0,False,5,21
u15,2013-03-29,1.0,0.0,False,5.0,False,True,7.5,True,22.0,moderate,,,,,,,,87.58333333333333,4,False,3,13
u15,2013-03-30,4.0,0.0,False,5.0,False,True,7.75,False,22.0,moderate,,,,,,,,187.43333333333334,5,True,3,13
u15,2013-03-31,1.0,0.0,False,5.0,False,False,8.0,True,22.0,moderate,,,,,,,,57.11666666666667,6,True,3,13
u15,2013-04-03,3.0,0.0,False,4.5,False,False,7.333333333333333,True,22.0,moderate,,,,,,,,68.78333333333333,2,False,4,14
u15,2013-04-05,1.0,0.0,False,4.5,False,False,6.0,False,22.0,moderate,,,,,,,,197.33333333333334,4,False,4,14
u15,2013-04-09,1.0,0.0,False,4.0,False,True,8.0,True,22.0,moderate,,,,,,,,78.85,1,False,4,15
u15,2013-04-17,1.0,0.0,False,4.5,False,False,8.5,True,22.0,moderate,,,,,,,,45.516666666666666,2,False,4,16
u16,2013-03-27,1.0,0.0,False,4.0,False,True,7.0,False,24.0,moderate,,,,,,,,103.26666666666667,2,False,3,13
u16,2013-03-28,1.0,1.0,False,3.0,True,False,7.0,False,24.0,moderate,,,,,,,,110.13333333333334,3,False,3,13
u16,2013-03-29,1.0,0.0,False,5.0,False,True,8.0,True,24.0,moderate,,,,,,,,136.53333333333333,4,False,3,13
u16,2013-03-30,1.0,0.0,False,5.0,False,True,8.0,True,24.0,moderate,,,,,,,,125.43333333333334,5,True,3,13
u16,2013-03-31,4.0,0.0,False,5.0,False,True,9.0,True,24.0,moderate,,,,,,,,75.73333333333333,6,True,3,13
u16,2013-04-02,1.0,1.0,False,3.0,True,False,9.0,True,24.0,moderate,,,,,,,,74.46666666666667,1,False,4,14
u16,2013-04-03,2.3333333333333335,0.0,False,4.0,False,True,8.0,True,24.0,moderate,,,,,,,,95.06666666666666,2,False,4,14
u16,2013-04-04,1.0,0.0,False,4.0,False,True,8.0,True,24.0,moderate,,,,,,,,95.73333333333333,3,False,4,14
u16,2013-04-05,2.5,0.0,False,3.0,False,False,8.0,True,24.0,moderate,,,,,,,,111.53333333333333,4,False,4,14
u16,2013-04-06,4.0,0.0,False,3.0,False,False,10.0,True,24.0,moderate,,,,,,,,34.2,5,True,4,14
u16,2013-04-07,1.0,0.0,False,3.0,False,False,8.0,True,24.0,moderate,,,,,,,,64.51666666666667,6,True,4,14
u16,2013-04-08,2.25,1.0,False,3.0,True,False,7.0,False,24.0,moderate,,,,,,,,115.55,0,False,4,15
u16,2013-04-09,1.0,1.0,False,3.0,True,False,8.0,True,24.0,moderate,,,,,,,,135.73333333333332,1,False,4,15
u16,2013-04-10,2.25,0.0,False,4.0,False,True,6.0,False,24.0,moderate,,,,,,,,89.61666666666666,2,False,4,15
u16,2013-04-11,2.0,0.0,False,4.0,False,True,9.0,True,24.0,moderate,,,,,,,,97.71666666666667,3,False,4,15
u16,2013-04-12,2.5,0.0,False,4.0,False,True,6.0,False,24.0,moderate,,,,,,,,117.51666666666667,4,False,4,15
u16,2013-04-13,1.0,0.0,False,2.0,False,False,9.0,True,24.0,moderate,,,,,,,,24.0,5,True,4,15
u16,2013-04-14,2.0,0.0,False,2.0,False,False,7.0,False,24.0,moderate,,,,,,,,39.71666666666667,6,True,4,15
u16,2013-04-15,3.0,1.0,False,3.0,True,False,5.0,False,24.0,moderate,,,,,,,,54.733333333333334,0,False,4,16
u16,2013-04-16,1.0,0.0,False,3.0,False,False,8.0,True,24.0,moderate,,,,,,,,137.1,1,False,4,16
u16,2013-04-17,1.0,0.0,False,4.0,False,True,7.0,False,24.0,moderate,,,,,,,,100.71666666666667,2,False,4,16
u16,2013-04-18,1.5,1.0,False,2.5,True,False,7.0,False,24.0,moderate,,,,,,,,106.0,3,False,4,16
u16,2013-04-19,2.3333333333333335,0.0,False,3.0,False,False,7.0,False,24.0,moderate,-1.5,0.0,0.6666666666666666,0.3333333333333333,0.0,1.0,0.0,225.68333333333334,4,False,4,16
u16,2013-04-20,2.0,0.0,False,3.0,False,False,7.0,False,24.0,moderate,-1.5,0.0,0.6666666666666666,0.3333333333333333,0.0,1.0,0.0,13.616666666666667,5,True,4,16
u16,2013-04-21,3.0,0.0,False,3.0,False,False,8.0,True,24.0,moderate,-1.5,0.0,0.6666666666666666,0.3333333333333333,0.0,1.0,0.0,44.45,6,True,4,16
u16,2013-04-22,3.0,1.0,False,3.0,True,False,7.0,False,24.0,moderate,-1.5,0.0,0.6666666666666666,0.3333333333333333,0.0,1.0,0.0,83.38333333333334,0,False,4,17
u16,2013-04-23,1.0,0.0,False,1.0,False,False,8.0,True,24.0,moderate,-1.5,0.0,0.6666666666666666,0.3333333333333333,0.0,1.0,0.0,127.03333333333333,1,False,4,17
u16,2013-04-26,3.0,0.0,False,3.0,False,False,7.0,False,24.0,moderate,-1.5,0.0,0.6666666666666666,0.3333333333333333,0.0,1.0,0.0,37.833333333333336,4,False,4,17
u16,2013-04-28,3.0,0.0,False,2.0,False,False,7.0,False,24.0,moderate,0.0,0.0,1.0,0.0,0.0,1.0,0.0,34.45,6,True,4,17
u16,2013-04-29,3.0,0.0,False,3.0,False,False,6.0,False,24.0,moderate,2.0,0.0,0.0,1.0,1.0,0.0,0.0,103.38333333333334,0,False,4,18
u16,2013-04-30,3.3333333333333335,2.0,True,3.0,True,False,6.0,False,24.0,moderate,2.0,0.0,0.0,1.0,1.0,0.0,0.0,178.05,1,False,4,18
u16,2013-05-02,1.0,1.0,False,3.0,True,False,8.0,True,24.0,moderate,1.0,0.0,0.0,1.0,0.0,1.0,0.0,145.66666666666666,3,False,5,18
u16,2013-05-03,3.0,0.0,False,3.0,False,False,9.0,True,24.0,moderate,0.0,1.0,0.0,0.0,0.0,1.0,0.0,84.56666666666666,4,False,5,18
u16,2013-05-04,1.0,0.0,False,3.0,False,False,8.0,True,24.0,moderate,0.0,0.0,0.5,0.5,0.0,1.0,0.0,17.05,5,True,5,18
u16,2013-05-05,2.0,0.0,False,2.0,False,False,8.0,True,24.0,moderate,0.0,0.0,1.0,0.0,0.0,1.0,0.0,30.816666666666666,6,True,5,18
u16,2013-05-06,3.0,0.0,False,2.0,False,False,7.0,False,24.0,moderate,0.5,0.0,1.0,0.0,0.0,0.0,1.0,55.25,0,False,5,19
u16,2013-05-07,2.3333333333333335,1.0,False,3.0,True,False,8.0,True,24.0,moderate,1.0,0.0,0.0,1.0,0.0,0.0,1.0,225.63333333333333,1,False,5,19
u16,2013-05-08,1.0,0.0,False,3.0,False,False,10.0,True,24.0,moderate,1.0,0.0,1.0,0.0,0.0,0.0,1.0,85.0,2,False,5,19
u16,2013-05-09,2.5,0.0,False,3.0,False,False,8.0,False,24.0,moderate,1.0,0.0,1.0,0.0,0.0,0.0,1.0,108.91666666666667,3,False,5,19
u16,2013-05-10,3.0,0.0,False,3.0,False,False,9.0,True,24.0,moderate,1.0,0.0,1.0,0.0,0.0,0.0,1.0,195.41666666666666,4,False,5,19
u16,2013-05-11,2.0,0.0,False,4.0,False,True,10.0,True,24.0,moderate,1.0,0.0,0.5,0.5,0.0,1.0,0.0,146.78333333333333,5,True,5,19
u16,2013-05-12,1.0,0.0,False,3.0,False,False,6.0,False,24.0,moderate,3.0,0.5,0.0,0.5,0.0,1.0,0.0,58.35,6,True,5,19
u16,2013-05-14,2.0,0.0,False,4.0,False,True,9.0,True,24.0,moderate,2.0,0.0,1.0,0.0,0.0,1.0,0.0,17.55,1,False,5,20
u16,2013-05-15,2.6666666666666665,0.0,False,3.0,False,False,9.0,True,24.0,moderate,0.3333333333333333,0.5,0.5,0.0,0.0,1.0,0.0,105.25,2,False,5,20
u16,2013-05-16,2.0,0.0,False,3.0,False,False,8.0,False,24.0,moderate,0.0,0.5,0.5,0.0,0.0,1.0,0.0,59.35,3,False,5,20
u16,2013-05-17,4.0,0.0,False,3.0,False,False,8.0,True,24.0,moderate,0.0,0.5,0.5,0.0,0.0,1.0,0.0,40.68333333333333,4,False,5,20
u16,2013-05-18,1.0,0.0,False,4.0,False,True,8.0,True,24.0,moderate,0.0,0.0,1.0,0.0,0.0,1.0,0.0,38.833333333333336,5,True,5,20
u16,2013-05-19,2.5,0.0,False,3.0,False,False,13.0,True,24.0,moderate,-2.0,0.0,1.0,0.0,0.0,1.0,0.0,27.633333333333333,6,True,5,20
u16,2013-05-20,2.25,0.0,False,3.0,False,False,9.0,True,24.0,moderate,-2.0,0.0,1.0,0.0,0.0,1.0,0.0,95.36666666666666,0,False,5,21
u16,2013-05-21,2.5,0.0,False,3.0,False,False,7.0,False,24.0,moderate,-2.0,0.0,0.0,1.0,0.0,1.0,0.0,50.46666666666667,1,False,5,21
u16,2013-05-22,1.0,0.0,False,3.0,False,False,6.0,False,24.0,moderate,2.0,0.0,0.0,1.0,0.0,1.0,0.0,125.33333333333333,2,False,5,21
u16,2013-05-23,2.5,1.0,False,3.0,True,False,6.0,False,24.0,moderate,-2.0,0.0,1.0,0.0,0.0,1.0,0.0,50.25,3,False,5,21
u16,2013-05-24,1.5,0.0,False,3.0,False,False,13.0,True,24.0,moderate,1.0,0.0,1.0,0.0,0.0,1.0,0.0,67.38333333333334,4,False,5,21
u16,2013-05-28,3.0,0.0,False,3.0,False,False,11.0,True,24.0,moderate,1.0,0.0,1.0,0.0,0.0,1.0,0.0,35.28333333333333,1,False,5,22
u17,2013-03-28,1.0,0.0,False,2.25,False,False,7.0,False,33.0,high,,,,,,,,86.1,3,False,3,13
u17,2013-03-30,2.0,0.0,False,3.0,False,False,7.0,False,33.0,high,,,,,,,,26.25,5,True,3,13
u17,2013-04-11,3.0,0.0,False,2.5,False,False,4.0,False,33.0,high,,,,,,,,80.7,3,False,4,15
u17,2013-04-14,3.0,0.0,False,2.0,False,False,4.5,False,33.0,high,,,,,,,,59.45,6,True,4,15
u17,2013-04-15,3.0,1.0,False,2.25,True,False,4.0,False,33.0,high,,,,,,,,106.7,0,False,4,16
u17,2013-04-16,3.0,0.0,False,3.5,False,True,4.5,False,33.0,high,,,,,,,,74.56666666666666,1,False,4,16
u17,2013-04-17,2.0,0.0,False,2.25,False,False,5.0,False,33.0,high,,,,,,,,69.53333333333333,2,False,4,16
u17,2013-04-18,3.0,0.0,False,2.0,False,False,5.0,False,33.0,high,,,,,,,,116.4,3,False,4,16
u17,2013-04-19,3.0,0.0,False,3.0,False,False,4.5,False,33.0,high,,0.0,1.0,0.0,0.0,0.0,1.0,107.03333333333333,4,False,4,16
u17,2013-04-20,2.0,0.0,False,3.0,False,False,8.0,True,33.0,high,,0.0,1.0,0.0,0.0,0.0,1.0,29.033333333333335,5,True,4,16
u17,2013-04-21,3.0,0.0,False,3.5,False,True,6.0,False,33.0,high,,0.0,1.0,0.0,0.0,0.0,1.0,46.5,6,True,4,16
u17,2013-04-23,3.0,0.0,False,2.0,False,False,4.5,False,33.0,high,-1.0,0.0,1.0,0.0,0.0,0.0,1.0,106.15,1,False,4,17
u17,2013-04-26,3.0,0.0,False,2.25,False,False,4.0,False,33.0,high,-1.0,0.0,1.0,0.0,0.0,0.0,1.0,158.41666666666666,4,False,4,17
u17,2013-04-29,3.0,1.0,False,2.0,True,False,4.0,False,33.0,high,-1.0,0.0,1.0,0.0,0.0,1.0,0.0,71.56666666666666,0,False,4,18
u17,2013-04-30,3.0,1.0,False,2.25,True,False,4.5,False,33.0,high,-1.0,0.0,1.0,0.0,0.0,1.0,0.0,19.866666666666667,1,False,4,18
u17,2013-05-01,3.0,0.0,False,2.25,False,False,5.0,False,33.0,high,-1.0,0.0,1.0,0.0,0.0,1.0,0.0,136.78333333333333,2,False,5,18
u17,2013-05-02,3.0,0.0,False,2.25,False,False,4.5,False,33.0,high,-1.0,0.0,1.0,0.0,0.0,1.0,0.0,74.56666666666666,3,False,5,18
u17,2013-05-04,3.0,0.0,False,2.5,False,False,4.5,False,33.0,high,-1.0,0.0,1.0,0.0,0.0,1.0,0.0,15.65,5,True,5,18
u17,2013-05-07,3.0,1.0,False,2.25,True,False,4.0,False,33.0,high,-1.0,0.0,1.0,0.0,0.0,1.0,0.0,103.73333333333333,1,False,5,19
u17,2013-05-08,3.0,0.0,False,2.25,False,False,1.0,False,33.0,high,-1.0,0.0,1.0,0.0,0.0,1.0,0.0,134.25,2,False,5,19
u17,2013-05-09,3.0,0.0,False,2.25,False,False,4.5,False,33.0,high,-1.0,0.0,1.0,0.0,,,,51.666666666666664,3,False,5,19
u17,2013-05-11,3.0,0.0,False,2.0,False,False,4.5,False,33.0,high,-3.0,0.0,0.0,1.0,0.0,0.0,1.0,36.43333333333333,5,True,5,19
u17,2013-05-15,3.0,0.0,False,1.0,False,False,1.0,False,33.0,high,-3.0,0.0,1.0,0.0,0.0,0.0,1.0,56.766666666666666,2,False,5,20
u17,2013-05-17,3.0,0.0,False,2.25,False,False,9.0,True,33.0,high,-2.0,0.0,1.0,0.0,0.0,0.0,1.0,65.26666666666667,4,False,5,20
u17,2013-05-18,3.0,0.0,False,2.5,False,False,3.0,False,33.0,high,-1.0,0.0,1.0,0.0,0.0,0.0,1.0,12.283333333333333,5,True,5,20
u17,2013-05-19,3.0,0.0,False,2.5,False,False,4.5,False,33.0,high,-1.0,0.0,1.0,0.0,0.0,0.0,1.0,0.0,6,True,5,20
u17,2013-05-20,3.0,0.0,False,2.25,False,False,2.0,False,33.0,high,-1.0,0.0,1.0,0.0,0.0,0.0,1.0,100.28333333333333,0,False,5,21
u17,2013-05-21,3.0,0.0,False,2.25,False,False,4.5,False,33.0,high,-3.0,0.0,1.0,0.0,0.0,1.0,0.0,39.766666666666666,1,False,5,21
u17,2013-05-22,3.0,1.0,False,2.25,True,False,4.5,False,33.0,high,-3.0,0.0,1.0,0.0,0.0,1.0,0.0,126.76666666666667,2,False,5,21
u17,2013-05-24,3.0,0.0,False,3.0,False,False,4.5,False,33.0,high,-2.0,0.0,1.0,0.0,0.0,1.0,0.0,131.2,4,False,5,21
u17,2013-05-25,3.0,0.0,False,2.5,False,False,4.5,False,33.0,high,-2.0,0.0,1.0,0.0,0.0,1.0,0.0,27.516666666666666,5,True,5,21
u17,2013-05-26,3.0,0.0,False,1.0,False,False,4.5,False,33.0,high,-3.0,0.0,1.0,0.0,0.0,1.0,0.0,16.15,6,True,5,21
u17,2013-05-28,3.0,0.0,False,2.25,False,False,4.5,False,33.0,high,-3.0,0.0,1.0,0.0,0.0,1.0,0.0,62.65,1,False,5,22
u17,2013-05-31,3.0,0.0,False,2.25,False,False,4.5,False,33.0,high,-2.0,0.0,1.0,0.0,0.0,1.0,0.0,431.98333333333335,4,False,5,22
u17,2013-06-01,3.0,0.0,False,2.5,False,False,10.0,True,33.0,high,-2.0,0.0,1.0,0.0,0.0,0.0,1.0,4.083333333333333,5,True,6,22
u18,2013-03-27,4.0,0.0,False,3.0,False,False,8.5,True,27.0,high,,,,,,,,64.35,2,False,3,13
u18,2013-03-29,1.0,0.0,False,3.0,False,False,7.0,False,27.0,high,,,,,,,,75.91666666666667,4,False,3,13
u18,2013-03-30,4.0,0.0,False,2.0,False,False,7.0,False,27.0,high,,,,,,,,100.08333333333333,5,True,3,13
u18,2013-04-03,1.0,0.0,False,2.0,False,False,5.0,False,27.0,high,,,,,,,,128.56666666666666,2,False,4,14
u18,2013-04-05,1.0,1.0,False,2.0,True,False,5.0,False,27.0,high,,,,,,,,53.71666666666667,4,False,4,14
u18,2013-04-08,1.0,1.0,False,2.0,True,False,8.0,True,27.0,high,,,,,,,,135.65,0,False,4,15
u18,2013-04-09,1.0,0.0,False,2.0,False,False,7.0,False,27.0,high,,,,,,,,38.85,1,False,4,15
u18,2013-04-15,3.0,2.0,True,2.0,True,False,7.0,False,27.0,high,,,,,,,,89.01666666666667,0,False,4,16
u18,2013-04-19,1.0,1.0,False,2.0,True,False,6.0,False,27.0,high,,0.0,0.0,1.0,,,,24.433333333333334,4,False,4,16
u18,2013-04-20,1.0,0.0,False,1.75,False,False,7.0,False,27.0,high,,0.0,0.0,1.0,,,,63.06666666666667,5,True,4,16
u18,2013-04-21,1.0,0.0,False,1.5,False,False,7.333333333333333,True,27.0,high,,0.0,0.0,1.0,,,,63.983333333333334,6,True,4,16
u18,2013-04-26,3.0,1.0,False,2.0,True,False,7.0,False,27.0,high,,0.0,0.0,1.0,0.0,1.0,0.0,254.23333333333332,4,False,4,17
u18,2013-04-30,3.0,1.0,False,2.0,True,False,0.0,False,27.0,high,,0.0,0.0,1.0,0.0,1.0,0.0,79.58333333333333,1,False,4,18
u19,2013-03-27,2.0,0.0,False,2.0,False,False,8.0,True,20.0,moderate,,,,,,,,44.483333333333334,2,False,3,13
u19,2013-03-28,1.0,0.0,False,3.0,False,False,8.0,True,20.0,moderate,,,,,,,,114.8,3,False,3,13
u19,2013-03-29,1.0,0.0,False,2.0,False,False,7.0,False,20.0,moderate,,,,,,,,124.06666666666666,4,False,3,13
u19,2013-03-30,1.5,0.0,False,1.0,False,False,8.0,False,20.0,moderate,,,,,,,,216.78333333333333,5,True,3,13
u19,2013-04-01,1.0,0.0,False,3.0,False,False,7.5,True,20.0,moderate,,,,,,,,88.43333333333334,0,False,4,14
u19,2013-04-02,1.0,1.0,False,3.0,True,False,8.0,True,20.0,moderate,,,,,,,,106.73333333333333,1,False,4,14
u19,2013-04-03,1.5,0.0,False,1.0,False,False,8.0,True,20.0,moderate,,,,,,,,157.4,2,False,4,14
u19,2013-04-04,1.3333333333333333,0.0,False,3.0,False,False,7.0,False,20.0,moderate,,,,,,,,100.55,3,False,4,14
u19,2013-04-05,1.5,0.0,False,4.0,False,True,7.0,False,20.0,moderate,,,,,,,,67.01666666666667,4,False,4,14
u19,2013-04-06,2.0,0.0,False,3.0,False,False,5.0,False,20.0,moderate,,,,,,,,58.45,5,True,4,14
u19,2013-04-07,3.0,1.0,False,3.0,True,False,7.0,False,20.0,moderate,,,,,,,,54.71666666666667,6,True,4,14
u19,2013-04-08,2.0,1.0,False,2.0,True,False,8.0,True,20.0,moderate,,,,,,,,73.96666666666667,0,False,4,15
u19,2013-04-09,1.25,1.0,False,3.0,True,False,8.0,True,20.0,moderate,,,,,,,,127.25,1,False,4,15
u19,2013-04-10,2.0,0.0,False,3.0,False,False,8.0,True,20.0,moderate,,,,,,,,115.95,2,False,4,15
u19,2013-04-11,2.0,1.0,False,4.0,True,True,7.0,False,20.0,moderate,,,,,,,,74.85,3,False,4,15
u19,2013-04-12,1.0,0.0,False,3.0,False,False,8.0,True,20.0,moderate,,,,,,,,65.53333333333333,4,False,4,15
u19,2013-04-13,2.0,0.0,False,4.0,False,True,7.0,False,20.0,moderate,,,,,,,,30.183333333333334,5,True,4,15
u19,2013-04-14,2.0,0.0,False,4.5,False,True,8.0,True,20.0,moderate,,,,,,,,81.21666666666667,6,True,4,15
u19,2013-04-15,1.3333333333333333,1.0,False,3.0,True,False,8.0,True,20.0,moderate,,,,,,,,82.73333333333333,0,False,4,16
u19,2013-04-16,2.0,2.0,True,4.0,True,True,7.0,False,20.0,moderate,,,,,,,,90.51666666666667,1,False,4,16
u19,2013-04-17,2.0,0.0,False,4.0,False,True,7.0,False,20.0,moderate,,,,,,,,126.88333333333334,2,False,4,16
u19,2013-04-18,2.0,1.0,False,4.0,True,True,6.0,False,20.0,moderate,0.0,0.0,1.0,0.0,0.0,1.0,0.0,232.55,3,False,4,16
u19,2013-04-19,1.0,0.0,False,4.0,False,True,8.0,True,20.0,moderate,0.0,0.0,1.0,0.0,0.0,1.0,0.0,55.083333333333336,4,False,4,16
u19,2013-04-21,2.0,0.0,False,5.0,False,True,8.0,False,20.0,moderate,0.0,0.0,1.0,0.0,0.0,1.0,0.0,8.116666666666667,6,True,4,16
u19,2013-04-23,1.0,1.0,False,4.0,True,True,9.0,True,20.0,moderate,0.0,0.0,1.0,0.0,0.0,1.0,0.0,65.65,1,False,4,17
u19,2013-04-25,2.0,1.0,False,3.0,True,False,7.0,False,20.0,moderate,0.0,0.0,1.0,0.0,0.0,1.0,0.0,132.28333333333333,3,False,4,17
u19,2013-04-26,1.0,0.0,False,5.0,False,True,8.0,True,20.0,moderate,1.0,0.5,0.5,0.0,1.0,0.0,0.0,119.8,4,False,4,17
u19,2013-04-29,2.6666666666666665,0.0,False,3.0,False,False,6.5,False,20.0,moderate,-2.0,0.0,1.0,0.0,0.0,0.0,1.0,107.15,0,False,4,18
u19,2013-05-01,2.0,0.0,False,3.0,False,False,4.5,False,20.0,moderate,2.0,0.0,0.0,1.0,0.0,0.0,1.0,41.35,2,False,5,18
u19,2013-05-02,2.0,1.0,False,3.0,True,False,8.0,True,20.0,moderate,2.0,0.0,0.0,1.0,0.0,0.0,1.0,170.15,3,False,5,18
u19,2013-05-03,1.0,0.0,False,3.0,False,False,8.0,True,20.0,moderate,2.0,1.0,0.0,0.0,1.0,0.0,0.0,48.21666666666667,4,False,5,18
u19,2013-05-04,1.0,0.0,False,3.0,False,False,8.0,False,20.0,moderate,1.0,1.0,0.0,0.0,1.0,0.0,0.0,10.75,5,True,5,18
u19,2013-05-05,1.0,0.0,False,3.0,False,False,8.0,False,20.0,moderate,1.0,0.0,0.0,1.0,0.0,0.0,1.0,71.06666666666666,6,True,5,18
u19,2013-05-06,1.0,0.0,False,5.0,False,True,8.0,True,20.0,moderate,1.0,0.0,0.0,1.0,0.0,0.0,1.0,115.16666666666667,0,False,5,19
u19,2013-05-07,3.0,3.0,True,3.0,True,False,8.0,False,20.0,moderate,1.0,0.0,1.0,0.0,0.0,0.0,1.0,47.15,1,False,5,19
u19,2013-05-08,2.0,0.0,False,3.0,False,False,8.0,False,20.0,moderate,1.0,0.0,1.0,0.0,0.0,1.0,0.0,95.13333333333334,2,False,5,19
u19,2013-05-09,2.0,1.0,False,3.0,True,False,8.0,False,20.0,moderate,1.0,1.0,0.0,0.0,0.0,1.0,0.0,112.75,3,False,5,19
u19,2013-05-12,4.0,0.0,False,5.0,False,True,11.0,True,20.0,moderate,2.0,1.0,0.0,0.0,0.0,1.0,0.0,50.46666666666667,6,True,5,19
u19,2013-05-13,2.0,1.0,False,3.0,True,False,10.0,True,20.0,moderate,0.0,0.0,1.0,0.0,0.0,1.0,0.0,24.0,0,False,5,20
u19,2013-05-14,1.0,2.0,True,3.0,True,False,8.0,True,20.0,moderate,0.0,1.0,0.0,0.0,1.0,0.0,0.0,65.21666666666667,1,False,5,20
u19,2013-05-15,2.5,0.0,False,3.0,False,False,9.0,True,20.0,moderate,0.0,1.0,0.0,0.0,1.0,0.0,0.0,125.35,2,False,5,20
u19,2013-05-16,2.0,0.0,False,3.0,False,False,6.0,False,20.0,moderate,0.0,0.0,1.0,0.0,1.0,0.0,0.0,100.43333333333334,3,False,5,20
u19,2013-05-17,3.0,0.0,False,4.0,False,True,6.0,False,20.0,moderate,-0.5,0.0,1.0,0.0,1.0,0.0,0.0,70.03333333333333,4,False,5,20
u19,2013-05-18,3.0,0.0,False,3.0,False,False,13.0,True,20.0,moderate,0.0,0.0,1.0,0.0,1.0,0.0,0.0,60.75,5,True,5,20
u19,2013-05-19,4.0,0.0,False,3.0,False,False,12.0,True,20.0,moderate,0.0,1.0,0.0,0.0,0.0,0.0,1.0,129.01666666666668,6,True,5,20
u19,2013-05-20,2.5,0.0,False,3.0,False,False,12.0,True,20.0,moderate,0.0,1.0,0.0,0.0,0.0,0.0,1.0,58.06666666666667,0,False,5,21
u19,2013-05-21,1.0,0.0,False,3.0,False,False,8.0,False,20.0,moderate,1.0,0.0,0.0,1.0,0.0,0.0,1.0,91.41666666666667,1,False,5,21
u19,2013-05-22,3.0,0.0,False,4.0,False,True,11.0,True,20.0,moderate,1.0,0.0,0.0,1.0,0.0,0.0,1.0,50.31666666666667,2,False,5,21
u19,2013-05-23,2.5,0.0,False,3.0,False,False,8.0,False,20.0,moderate,0.0,0.0,0.0,1.0,0.0,1.0,0.0,89.76666666666667,3,False,5,21
u19,2013-05-24,2.5,0.0,False,3.0,False,False,11.0,True,20.0,moderate,0.0,0.0,1.0,0.0,0.0,1.0,0.0,31.816666666666666,4,False,5,21
u19,2013-05-25,2.0,0.0,False,3.0,False,False,11.0,True,20.0,moderate,0.0,0.0,1.0,0.0,0.0,1.0,0.0,43.4,5,True,5,21
u19,2013-05-26,2.0,0.0,False,3.0,False,False,9.0,True,20.0,moderate,1.0,0.0,1.0,0.0,0.5,0.0,0.5,18.75,6,True,5,21
u19,2013-05-29,4.0,1.0,False,3.0,True,False,1.0,False,20.0,moderate,2.0,0.0,0.0,1.0,0.0,1.0,0.0,89.06666666666666,2,False,5,22
u19,2013-05-31,5.0,0.0,False,6.0,False,True,14.0,True,20.0,moderate,2.0,1.0,0.0,0.0,1.0,0.0,0.0,59.916666666666664,4,False,5,22
u19,2013-06-01,4.0,0.0,False,3.0,False,False,8.0,False,20.0,moderate,2.0,1.0,0.0,0.0,1.0,0.0,0.0,32.083333333333336,5,True,6,22
u20,2013-03-27,4.0,0.0,False,3.0,False,False,7.0,False,14.0,moderate,,,,,,,,87.9,2,False,3,13
u20,2013-03-29,1.0,0.0,False,3.0,False,False,7.0,False,14.0,moderate,,,,,,,,122.1,4,False,3,13
u20,2013-04-03,1.0,0.0,False,2.0,False,False,6.0,False,14.0,moderate,,,,,,,,65.96666666666667,2,False,4,14
u20,2013-04-04,1.0,0.0,False,3.0,False,False,7.0,False,14.0,moderate,,,,,,,,95.93333333333334,3,False,4,14
u20,2013-04-06,1.0,0.0,False,2.5,False,False,7.0,False,14.0,moderate,,,,,,,,0.0,5,True,4,14
u20,2013-04-07,1.0,0.0,False,2.5,False,False,7.0,False,14.0,moderate,,,,,,,,8.266666666666667,6,True,4,14
u20,2013-04-08,1.0,2.0,True,1.0,True,False,7.0,False,14.0,moderate,,,,,,,,30.416666666666668,0,False,4,15
u20,2013-04-11,2.0,0.0,False,2.0,False,False,8.0,True,14.0,moderate,,,,,,,,28.333333333333332,3,False,4,15
u22,2013-03-27,1.0,0.0,False,2.0,False,False,6.0,False,6.0,low,,,,,,,,71.4,2,False,3,13
u22,2013-03-28,4.666666666666667,0.0,False,2.5,False,False,7.0,False,6.0,low,,,,,,,,103.81666666666666,3,False,3,13
u22,2013-03-29,2.0,0.0,False,3.0,False,False,7.0,False,6.0,low,,,,,,,,85.36666666666666,4,False,3,13
u22,2013-03-30,2.5,0.0,False,3.0,False,False,8.0,False,6.0,low,,,,,,,,109.06666666666666,5,True,3,13
u22,2013-03-31,2.0,1.0,False,3.0,True,False,8.5,True,6.0,low,,,,,,,,79.2,6,True,3,13
u22,2013-04-01,1.0,0.0,False,1.0,False,False,8.0,True,6.0,low,,,,,,,,24.066666666666666,0,False,4,14
u22,2013-04-02,1.0,0.0,False,2.0,False,False,8.0,True,6.0,low,,,,,,,,135.06666666666666,1,False,4,14
u22,2013-04-03,4.0,0.0,False,2.0,False,False,7.0,False,6.0,low,,,,,,,,88.56666666666666,2,False,4,14
u22,2013-04-04,2.0,0.0,False,2.0,False,False,9.0,True,6.0,low,,,,,,,,124.78333333333333,3,False,4,14
u22,2013-04-05,1.0,0.0,False,1.0,False,False,8.0,True,6.0,low,,,,,,,,129.95,4,False,4,14
u22,2013-04-06,1.0,0.0,False,3.0,False,False,8.0,False,6.0,low,,,,,,,,58.55,5,True,4,14
u22,2013-04-07,5.0,1.0,False,3.0,True,False,8.0,False,6.0,low,,,,,,,,146.83333333333334,6,True,4,14
u22,2013-04-08,4.5,1.0,False,3.0,True,False,8.0,True,6.0,low,,,,,,,,83.65,0,False,4,15
u22,2013-04-09,4.0,0.0,False,2.0,False,False,9.0,True,6.0,low,,,,,,,,129.73333333333332,1,False,4,15
u22,2013-04-10,4.0,0.0,False,2.0,False,False,8.0,True,6.0,low,,,,,,,,62.78333333333333,2,False,4,15
u22,2013-04-11,3.0,0.0,False,3.0,False,False,7.0,False,6.0,low,,,,,,,,142.63333333333333,3,False,4,15
u22,2013-04-12,1.0,0.0,False,2.0,False,False,8.0,False,6.0,low,,,,,,,,74.78333333333333,4,False,4,15
u22,2013-04-13,3.0,0.0,False,3.0,False,False,8.0,False,6.0,low,,,,,,,,137.23333333333332,5,True,4,15
u22,2013-04-14,1.0,0.0,False,4.0,False,True,8.0,True,6.0,low,,,,,,,,206.08333333333334,6,True,4,15
u22,2013-04-15,1.0,1.0,False,2.0,True,False,8.0,False,6.0,low,,,,,,,,98.86666666666666,0,False,4,16
u22,2013-04-16,1.0,1.0,False,3.0,True,False,8.0,False,6.0,low,,,,,,,,135.83333333333334,1,False,4,16
u22,2013-04-17,1.0,0.0,False,2.0,False,False,8.0,False,6.0,low,,,,,,,,67.26666666666667,2,False,4,16
u22,2013-04-18,1.0,0.0,False,2.0,False,False,8.0,False,6.0,low,0.0,0.0,0.0,0.0,1.0,0.0,0.0,118.85,3,False,4,16
u22,2013-04-19,4.0,0.0,False,3.0,False,False,8.0,False,6.0,low,0.0,0.0,0.0,0.0,1.0,0.0,0.0,85.43333333333334,4,False,4,16
u22,2013-04-20,1.0,0.0,False,3.0,False,False,8.0,False,6.0,low,0.0,0.0,0.0,0.0,1.0,0.0,0.0,66.36666666666666,5,True,4,16
u22,2013-04-23,4.0,0.0,False,2.0,False,False,8.0,False,6.0,low,0.0,0.0,0.0,0.0,1.0,0.0,0.0,79.85,1,False,4,17
u22,2013-05-06,4.0,0.0,False,2.0,False,False,8.0,False,6.0,low,,1.0,0.0,0.0,1.0,0.0,0.0,37.35,0,False,5,19
u22,2013-05-07,4.0,2.0,True,2.0,True,False,8.0,False,6.0,low,,1.0,0.0,0.0,1.0,0.0,0.0,56.5,1,False,5,19
u22,2013-05-12,4.0,0.0,False,2.0,False,False,8.0,False,6.0,low,0.0,1.0,0.0,0.0,1.0,0.0,0.0,72.26666666666667,6,True,5,19
u22,2013-05-16,1.0,0.0,False,2.0,False,False,8.0,False,6.0,low,0.0,0.0,1.0,0.0,,,,203.48333333333332,3,False,5,20
u22,2013-05-23,4.0,0.0,False,2.0,False,False,8.0,False,6.0,low,0.0,0.0,1.0,0.0,,,,79.06666666666666,3,False,5,21
u23,2013-03-27,1.0,0.0,False,1.0,False,False,8.0,False,27.0,high,,,,,,,,87.73333333333333,2,False,3,13
u23,2013-03-28,1.0,0.0,False,2.0,False,False,8.0,True,27.0,high,,,,,,,,83.95,3,False,3,13
u23,2013-03-29,1.5,0.0,False,1.0,False,False,9.0,True,27.0,high,,,,,,,,105.25,4,False,3,13
u23,2013-03-30,2.2,0.0,False,1.0,False,False,8.0,True,27.0,high,,,,,,,,16.9,5,True,3,13
u23,2013-03-31,2.5,0.0,False,1.0,False,False,8.0,True,27.0,high,,,,,,,,8.933333333333334,6,True,3,13
u23,2013-04-01,4.0,0.0,False,1.0,False,False,8.0,True,27.0,high,,,,,,,,52.983333333333334,0,False,4,14
u23,2013-04-02,1.0,1.0,False,1.0,True,False,8.0,True,27.0,high,,,,,,,,98.28333333333333,1,False,4,14
u23,2013-04-03,1.0,0.0,False,1.6666666666666667,False,False,7.0,False,27.0,high,,,,,,,,0.08333333333333333,2,False,4,14
u23,2013-04-04,1.0,0.0,False,1.0,False,False,8.0,True,27.0,high,,,,,,,,86.31666666666666,3,False,4,14
u23,2013-04-05,1.0,0.0,False,1.0,False,False,8.0,True,27.0,high,,,,,,,,23.95,4,False,4,14
u23,2013-04-06,2.0,0.0,False,1.0,False,False,8.0,True,27.0,high,,,,,,,,83.35,5,True,4,14
u23,2013-04-07,2.5,0.0,False,1.0,False,False,7.0,False,27.0,high,,,,,,,,97.13333333333334,6,True,4,14
u23,2013-04-08,1.0,1.0,False,1.5,True,False,8.0,True,27.0,high,,,,,,,,24.8,0,False,4,15
u23,2013-04-09,1.0,1.0,False,1.0,True,False,8.0,True,27.0,high,,,,,,,,45.61666666666667,1,False,4,15
u23,2013-04-10,1.0,0.0,False,1.0,False,False,8.0,False,27.0,high,,,,,,,,30.633333333333333,2,False,4,15
u23,2013-04-12,1.0,0.0,False,1.0,False,False,5.0,False,27.0,high,,,,,,,,90.48333333333333,4,False,4,15
u23,2013-04-13,1.0,0.0,False,1.0,False,False,10.0,True,27.0,high,,,,,,,,92.86666666666666,5,True,4,15
u23,2013-04-14,1.0,0.0,False,1.0,False,False,8.0,True,27.0,high,,,,,,,,12.133333333333333,6,True,4,15
u23,2013-04-17,1.0,0.0,False,1.0,False,False,6.0,False,27.0,high,,,,,,,,35.75,2,False,4,16
u23,2013-04-18,1.0,0.0,False,1.0,False,False,8.0,True,27.0,high,0.0,,,,1.0,0.0,0.0,5.25,3,False,4,16
u23,2013-04-20,1.0,0.0,False,1.0,False,False,8.0,True,27.0,high,0.0,1.0,0.0,0.0,1.0,0.0,0.0,34.95,5,True,4,16
u23,2013-04-26,1.0,0.0,False,1.0,False,False,8.0,False,27.0,high,0.0,1.0,0.0,0.0,1.0,0.0,0.0,50.983333333333334,4,False,4,17
u23,2013-04-30,1.0,1.0,False,1.0,True,False,8.0,False,27.0,high,0.0,1.0,0.0,0.0,1.0,0.0,0.0,19.233333333333334,1,False,4,18
u23,2013-05-01,1.0,0.0,False,1.0,False,False,8.0,False,27.0,high,0.0,1.0,0.0,0.0,1.0,0.0,0.0,76.63333333333334,2,False,5,18
u24,2013-03-27,1.0,0.0,False,4.0,False,False,9.0,False,18.0,moderate,,,,,,,,81.9,2,False,3,13
u24,2013-03-29,2.5,0.0,False,3.6666666666666665,False,True,6.75,False,18.0,moderate,,,,,,,,164.23333333333332,4,False,3,13
u24,2013-03-30,1.5,0.0,False,3.5,False,True,9.0,True,18.0,moderate,,,,,,,,55.28333333333333,5,True,3,13
u24,2013-03-31,3.0,0.0,False,5.0,False,True,9.0,False,18.0,moderate,,,,,,,,303.85,6,True,3,13
u24,2013-04-01,2.0,1.0,False,5.0,True,True,7.5,True,18.0,moderate,,,,,,,,91.13333333333334,0,False,4,14
u24,2013-04-02,4.0,0.0,False,3.0,False,False,6.0,False,18.0,moderate,,,,,,,,0.38333333333333336,1,False,4,14
u24,2013-04-05,4.0,0.0,False,4.0,False,True,9.0,True,18.0,moderate,,,,,,,,78.95,4,False,4,14
u24,2013-04-06,1.0,0.0,False,5.0,False,True,10.0,True,18.0,moderate,,,,,,,,135.98333333333332,5,True,4,14
u24,2013-04-07,2.0,0.0,False,4.0,False,True,9.0,False,18.0,moderate,,,,,,,,36.583333333333336,6,True,4,14
u24,2013-04-08,1.0,2.0,True,4.0,True,True,7.0,False,18.0,moderate,,,,,,,,115.06666666666666,0,False,4,15
u24,2013-04-09,2.0,0.0,False,4.0,False,False,9.0,True,18.0,moderate,,,,,,,,52.166666666666664,1,False,4,15
u24,2013-04-12,1.3333333333333333,0.0,False,4.0,False,True,7.0,False,18.0,moderate,,,,,,,,208.16666666666666,4,False,4,15
u24,2013-04-13,1.0,0.0,False,5.0,False,True,9.0,True,18.0,moderate,,,,,,,,168.3,5,True,4,15
u24,2013-04-14,2.0,0.0,False,4.0,False,True,9.5,True,18.0,moderate,,,,,,,,72.76666666666667,6,True,4,15
u24,2013-04-15,1.0,2.0,True,4.0,True,False,9.0,False,18.0,moderate,,,,,,,,126.41666666666667,0,False,4,16
u24,2013-04-17,2.0,0.0,False,4.0,False,False,9.0,False,18.0,moderate,,,,,,,,104.45,2,False,4,16
u24,2013-04-18,2.0,0.0,False,4.0,False,True,7.0,False,18.0,moderate,,,,,,,,140.7,3,False,4,16
u24,2013-04-29,2.0,1.0,False,4.0,True,False,9.0,False,18.0,moderate,,,,,,,,104.45,0,False,4,18
u24,2013-05-13,1.0,1.0,False,4.0,True,False,9.0,True,18.0,moderate,1.0,1.0,0.0,0.0,1.0,0.0,0.0,104.45,0,False,5,20
u24,2013-05-15,2.0,2.0,True,4.0,True,False,9.0,False,18.0,moderate,1.0,1.0,0.0,0.0,1.0,0.0,0.0,104.45,2,False,5,20
u24,2013-05-18,2.0,0.0,False,4.5,False,False,9.0,False,18.0,moderate,-1.0,0.0,0.0,1.0,1.0,0.0,0.0,104.45,5,True,5,20
u24,2013-05-20,2.0,0.0,False,4.0,False,False,9.0,False,18.0,moderate,-1.0,0.0,0.0,1.0,1.0,0.0,0.0,104.45,0,False,5,21
u24,2013-05-22,2.0,0.0,False,4.0,False,False,9.0,False,18.0,moderate,-1.0,0.0,0.0,1.0,1.0,0.0,0.0,104.45,2,False,5,21
u25,2013-03-28,2.5,0.0,False,3.0,False,False,8.0,True,,,,,,,,,,113.68333333333334,3,False,3,13
u25,2013-03-29,2.5,0.0,False,4.0,False,True,8.0,False,,,,,,,,,,111.9,4,False,3,13
u25,2013-03-30,4.0,0.0,False,3.0,False,False,9.0,True,,,,,,,,,,167.61666666666667,5,True,3,13
u25,2013-04-01,1.3333333333333333,0.0,False,4.0,False,True,7.666666666666667,True,,,,,,,,,,146.35,0,False,4,14
u25,2013-04-03,2.5,0.0,False,3.0,False,False,7.0,False,,,,,,,,,,171.96666666666667,2,False,4,14
u25,2013-04-04,4.0,0.0,False,3.0,False,False,8.0,False,,,,,,,,,,182.66666666666666,3,False,4,14
u25,2013-04-05,1.0,0.0,False,4.0,False,True,7.0,False,,,,,,,,,,141.65,4,False,4,14
u25,2013-04-06,4.0,0.0,False,3.0,False,False,8.0,False,,,,,,,,,,148.46666666666667,5,True,4,14
u25,2013-04-08,2.0,1.0,False,2.0,True,False,8.0,True,,,,,,,,,,162.11666666666667,0,False,4,15
u25,2013-04-09,4.0,0.0,False,3.0,False,False,8.0,True,,,,,,,,,,94.76666666666667,1,False,4,15
u25,2013-04-12,3.0,0.0,False,3.0,False,False,8.0,False,,,,,,,,,,152.6,4,False,4,15
u25,2013-04-15,3.0,1.0,False,3.0,True,False,8.0,False,,,,,,,,,,130.83333333333334,0,False,4,16
u25,2013-04-16,4.0,0.0,False,2.0,False,False,8.0,True,,,,,,,,,,98.3,1,False,4,16
u25,2013-04-18,1.0,0.0,False,3.0,False,False,8.0,False,,,,,,,,,,109.96666666666667,3,False,4,16
u27,2013-03-28,1.5,0.0,False,1.0,False,False,5.0,False,18.0,moderate,,,,,,,,76.6,3,False,3,13
u27,2013-03-29,2.0,0.0,False,2.5,False,False,5.0,False,18.0,moderate,,,,,,,,52.95,4,False,3,13
u27,2013-03-30,1.0,0.0,False,2.25,False,False,5.0,False,18.0,moderate,,,,,,,,44.7,5,True,3,13
u27,2013-04-03,1.0,0.0,False,3.0,False,False,5.0,False,18.0,moderate,,,,,,,,190.2,2,False,4,14
u27,2013-04-04,1.0,0.0,False,2.25,False,False,7.0,False,18.0,moderate,,,,,,,,51.68333333333333,3,False,4,14
u27,2013-04-05,1.0,0.0,False,2.25,False,False,5.0,False,18.0,moderate,,,,,,,,106.16666666666667,4,False,4,14
u27,2013-04-08,3.0,1.0,False,1.0,True,False,3.0,False,18.0,moderate,,,,,,,,36.6,0,False,4,15
u27,2013-04-10,3.0,0.0,False,2.25,False,False,2.0,False,18.0,moderate,,,,,,,,94.96666666666667,2,False,4,15
u27,2013-04-15,1.5,1.0,False,2.0,True,False,5.0,False,18.0,moderate,,,,,,,,85.13333333333334,0,False,4,16
u27,2013-04-16,1.0,0.0,False,2.0,False,False,5.0,False,18.0,moderate,,,,,,,,45.083333333333336,1,False,4,16
u27,2013-04-17,2.0,0.0,False,3.0,False,False,3.0,False,18.0,moderate,,,,,,,,129.63333333333333,2,False,4,16
u27,2013-04-18,2.6666666666666665,1.0,False,3.0,True,False,7.0,False,18.0,moderate,0.0,,,,,,,291.96666666666664,3,False,4,16
u27,2013-04-25,4.0,0.0,False,2.25,False,False,5.0,False,18.0,moderate,0.0,,,,0.0,0.0,1.0,76.26666666666667,3,False,4,17
u27,2013-04-26,1.0,1.0,False,2.25,True,False,5.0,False,18.0,moderate,0.0,,,,0.0,0.0,1.0,69.5,4,False,4,17
u27,2013-04-29,2.0,0.0,False,2.25,False,False,0.0,False,18.0,moderate,0.0,,,,0.0,0.0,1.0,99.7,0,False,4,18
u27,2013-05-07,1.0,1.0,False,2.25,True,False,5.0,False,18.0,moderate,,0.0,0.0,1.0,1.0,0.0,0.0,90.75,1,False,5,19
u27,2013-05-08,4.0,1.0,False,2.25,True,False,5.0,False,18.0,moderate,0.0,0.0,0.0,1.0,1.0,0.0,0.0,64.51666666666667,2,False,5,19
u30,2013-03-29,2.2,1.0,False,4.0,True,True,8.0,True,9.0,low,,,,,,,,167.11666666666667,4,False,3,13
u30,2013-03-31,2.5,1.0,False,4.0,True,True,6.5,False,9.0,low,,,,,,,,272.0833333333333,6,True,3,13
u30,2013-04-03,4.0,0.0,False,4.0,False,False,7.5,True,9.0,low,,,,,,,,107.03333333333333,2,False,4,14
u30,2013-04-06,3.8,0.0,False,4.5,False,True,6.0,False,9.0,low,,,,,,,,527.7333333333333,5,True,4,14
u30,2013-04-07,2.0,1.0,False,4.25,True,False,8.0,True,9.0,low,,,,,,,,205.58333333333334,6,True,4,14
u30,2013-04-10,4.5,0.0,False,4.0,False,False,8.5,True,9.0,low,,,,,,,,131.11666666666667,2,False,4,15
u30,2013-04-11,4.0,0.0,False,5.0,False,True,7.0,False,9.0,low,,,,,,,,193.41666666666666,3,False,4,15
u30,2013-04-13,4.0,0.0,False,5.0,False,True,4.0,False,9.0,low,,,,,,,,548.5666666666667,5,True,4,15
u30,2013-04-15,4.0,1.0,False,4.0,True,False,7.0,False,9.0,low,,,,,,,,109.83333333333333,0,False,4,16
u30,2013-04-16,4.0,1.0,False,3.0,True,False,7.0,False,9.0,low,,,,,,,,88.9,1,False,4,16
u30,2013-04-17,1.0,0.0,False,4.0,False,False,7.0,False,9.0,low,,,,,,,,87.23333333333333,2,False,4,16
u30,2013-04-18,3.0,0.0,False,4.0,False,True,4.0,False,9.0,low,2.0,,,,0.0,1.0,0.0,92.86666666666666,3,False,4,16
u30,2013-04-19,2.0,1.0,False,3.0,True,False,8.0,True,9.0,low,2.0,,,,0.0,1.0,0.0,99.81666666666666,4,False,4,16
u30,2013-04-20,1.0,0.0,False,4.0,False,True,6.0,False,9.0,low,2.0,,,,0.0,1.0,0.0,412.76666666666665,5,True,4,16
u30,2013-04-22,4.0,1.0,False,2.0,True,False,8.0,True,9.0,low,2.0,,,,0.0,1.0,0.0,163.81666666666666,0,False,4,17
u30,2013-04-25,4.0,0.0,False,5.0,False,True,7.0,False,9.0,low,2.0,,,,0.0,1.0,0.0,186.16666666666666,3,False,4,17
u30,2013-04-26,1.0,1.0,False,4.0,True,False,8.0,True,9.0,low,2.0,,,,0.0,1.0,0.0,119.58333333333333,4,False,4,17
u30,2013-04-29,1.0,0.0,False,4.0,False,False,5.0,False,9.0,low,2.0,,,,0.0,1.0,0.0,138.8,0,False,4,18
u30,2013-05-03,4.0,1.0,False,4.0,True,False,6.0,False,9.0,low,,,,,,,,170.35,4,False,5,18
u31,2013-03-28,4.0,0.0,False,1.0,False,False,2.0,False,22.0,moderate,,,,,,,,115.25,3,False,3,13
u31,2013-03-29,5.0,0.0,False,3.0,False,False,4.5,False,22.0,moderate,,,,,,,,132.11666666666667,4,False,3,13
u31,2013-03-30,3.0,0.0,False,1.0,False,False,4.75,False,22.0,moderate,,,,,,,,57.36666666666667,5,True,3,13
u31,2013-04-03,4.0,0.0,False,1.0,False,False,8.0,True,22.0,moderate,,,,,,,,76.2,2,False,4,14
u31,2013-04-04,1.0,0.0,False,1.0,False,False,4.75,False,22.0,moderate,,,,,,,,122.9,3,False,4,14
u31,2013-04-05,4.0,0.0,False,1.0,False,False,5.0,False,22.0,moderate,,,,,,,,194.96666666666667,4,False,4,14
u31,2013-04-06,1.0,0.0,False,1.0,False,False,4.75,False,22.0,moderate,,,,,,,,103.83333333333333,5,True,4,14
u31,2013-04-12,4.0,0.0,False,1.0,False,False,4.75,False,22.0,moderate,,,,,,,,136.13333333333333,4,False,4,15
u31,2013-04-14,1.0,0.0,False,1.0,False,False,4.75,False,22.0,moderate,,,,,,,,207.16666666666666,6,True,4,15
u31,2013-04-15,1.0,1.0,False,1.0,True,False,4.75,False,22.0,moderate,,,,,,,,127.33333333333333,0,False,4,16
u31,2013-04-16,1.0,1.0,False,1.0,True,False,4.75,False,22.0,moderate,,,,,,,,102.36666666666666,1,False,4,16
u31,2013-04-17,1.0,0.0,False,1.0,False,False,4.75,False,22.0,moderate,,,,,,,,110.81666666666666,2,False,4,16
u32,2013-03-31,4.0,0.0,False,3.0,False,False,7.0,False,3.0,low,,,,,,,,258.26666666666665,6,True,3,13
u32,2013-04-01,1.0,0.0,False,4.0,False,True,9.0,True,3.0,low,,,,,,,,91.4,0,False,4,14
u32,2013-04-03,1.0,0.0,False,4.0,False,True,7.0,False,3.0,low,,,,,,,,128.6,2,False,4,14
u32,2013-04-04,2.5,0.0,False,4.0,False,False,7.0,False,3.0,low,,,,,,,,122.05,3,False,4,14
u32,2013-04-05,1.0,1.0,False,4.0,True,True,6.0,False,3.0,low,,,,,,,,107.4,4,False,4,14
u32,2013-04-06,4.0,0.0,False,5.0,False,True,7.0,False,3.0,low,,,,,,,,87.65,5,True,4,14
u32,2013-04-07,4.0,0.0,False,5.0,False,True,10.0,True,3.0,low,,,,,,,,101.55,6,True,4,14
u32,2013-04-08,3.25,1.0,False,3.0,True,False,7.0,False,3.0,low,,,,,,,,64.48333333333333,0,False,4,15
u32,2013-04-09,4.0,0.0,False,4.0,False,False,7.0,False,3.0,low,,,,,,,,65.08333333333333,1,False,4,15
u32,2013-04-10,4.0,0.0,False,4.0,False,True,7.0,False,3.0,low,,,,,,,,103.78333333333333,2,False,4,15
u32,2013-04-11,1.0,1.0,False,5.0,True,True,7.0,False,3.0,low,,,,,,,,240.83333333333334,3,False,4,15
u32,2013-04-12,4.0,1.0,False,4.0,True,True,7.0,False,3.0,low,,,,,,,,147.03333333333333,4,False,4,15
u32,2013-04-13,4.0,0.0,False,4.0,False,True,7.0,False,3.0,low,,,,,,,,137.98333333333332,5,True,4,15
u32,2013-04-14,1.0,0.0,False,5.0,False,True,10.0,True,3.0,low,,,,,,,,122.05,6,True,4,15
u32,2013-04-15,1.0,1.0,False,4.0,True,False,8.0,True,3.0,low,,,,,,,,122.05,0,False,4,16
u32,2013-04-16,1.0,0.0,False,4.0,False,False,9.0,True,3.0,low,,,,,,,,122.05,1,False,4,16
u32,2013-04-17,2.0,1.0,False,4.0,True,True,7.0,False,3.0,low,,,,,,,,35.95,2,False,4,16
u32,2013-04-18,4.0,0.0,False,5.0,False,True,9.0,True,3.0,low,,,,,,,,204.15,3,False,4,16
u32,2013-04-20,4.0,0.0,False,5.0,False,False,8.0,True,3.0,low,,0.0,0.0,1.0,,,,236.3,5,True,4,16
u32,2013-04-21,1.0,0.0,False,5.0,False,False,8.0,False,3.0,low,,0.0,0.0,1.0,,,,68.73333333333333,6,True,4,16
u32,2013-04-22,2.5,1.0,False,3.0,True,False,8.0,True,3.0,low,,0.0,0.0,1.0,,,,99.8,0,False,4,17
u32,2013-04-23,4.0,0.0,False,4.0,False,False,7.0,False,3.0,low,,0.0,0.0,1.0,,,,182.63333333333333,1,False,4,17
u32,2013-04-24,4.0,0.0,False,4.0,False,False,8.0,True,3.0,low,,0.0,0.0,1.0,1.0,0.0,0.0,299.0,2,False,4,17
u32,2013-04-26,1.0,1.0,False,4.0,True,False,9.0,True,3.0,low,,0.0,0.0,1.0,1.0,0.0,0.0,198.46666666666667,4,False,4,17
u32,2013-04-28,1.0,0.0,False,5.0,False,False,8.0,True,3.0,low,,0.0,0.0,1.0,1.0,0.0,0.0,197.31666666666666,6,True,4,17
u32,2013-04-29,1.0,0.0,False,4.0,False,False,6.0,False,3.0,low,0.0,0.0,0.0,1.0,1.0,0.0,0.0,107.8,0,False,4,18
u32,2013-04-30,2.5,1.0,False,4.0,True,False,9.0,True,3.0,low,0.0,0.0,0.0,1.0,1.0,0.0,0.0,171.4,1,False,4,18
u32,2013-05-06,1.0,1.0,False,3.0,True,False,8.0,True,3.0,low,0.0,1.0,0.0,0.0,1.0,0.0,0.0,100.4,0,False,5,19
u32,2013-05-08,1.0,0.0,False,4.0,False,False,8.0,True,3.0,low,0.0,1.0,0.0,0.0,1.0,0.0,0.0,98.78333333333333,2,False,5,19
u32,2013-05-10,1.0,1.0,False,4.0,True,True,9.0,True,3.0,low,0.0,1.0,0.0,0.0,,,,198.2,4,False,5,19
u32,2013-05-14,1.0,0.0,False,4.0,False,False,15.0,True,3.0,low,1.0,,,,,,,83.11666666666666,1,False,5,20
u32,2013-05-15,1.0,1.0,False,4.0,True,False,8.0,False,3.0,low,1.0,,,,,,,116.76666666666667,2,False,5,20
u32,2013-05-18,5.0,0.0,False,5.0,False,False,11.0,True,3.0,low,1.0,,,,,,,293.21666666666664,5,True,5,20
u32,2013-05-22,1.0,0.0,False,4.0,False,False,9.0,True,3.0,low,1.0,1.0,0.0,0.0,0.0,1.0,0.0,96.05,2,False,5,21
u32,2013-05-24,1.0,1.0,False,4.0,True,False,8.0,False,3.0,low,1.0,1.0,0.0,0.0,0.0,1.0,0.0,246.48333333333332,4,False,5,21
u32,2013-05-27,4.0,0.0,False,4.0,False,True,12.0,True,3.0,low,3.0,1.0,0.0,0.0,0.0,1.0,0.0,274.4166666666667,0,False,5,22
u33,2013-03-28,4.0,0.0,False,4.0,False,False,8.0,True,33.0,high,,,,,,,,109.06666666666666,3,False,3,13
u33,2013-03-29,1.0,0.0,False,4.0,False,True,7.0,False,33.0,high,,,,,,,,149.58333333333334,4,False,3,13
u33,2013-03-30,1.0,0.0,False,3.0,False,False,7.0,False,33.0,high,,,,,,,,102.21666666666667,5,True,3,13
u33,2013-03-31,4.0,0.0,False,4.0,False,True,7.0,False,33.0,high,,,,,,,,114.66666666666667,6,True,3,13
u33,2013-04-01,2.0,0.0,False,4.5,False,True,6.0,False,33.0,high,,,,,,,,182.5,0,False,4,14
u33,2013-04-03,2.0,2.0,True,4.0,True,True,0.0,False,33.0,high,,,,,,,,97.73333333333333,2,False,4,14
u33,2013-04-04,2.0,0.0,False,3.0,False,False,8.0,True,33.0,high,,,,,,,,106.81666666666666,3,False,4,14
u33,2013-04-05,1.0,0.0,False,3.0,False,False,7.0,False,33.0,high,,,,,,,,143.63333333333333,4,False,4,14
u33,2013-04-06,2.5,0.0,False,3.5,False,False,10.0,True,33.0,high,,,,,,,,30.216666666666665,5,True,4,14
u33,2013-04-08,4.0,1.0,False,3.0,True,False,6.0,False,33.0,high,,,,,,,,145.48333333333332,0,False,4,15
u33,2013-04-09,4.0,0.0,False,3.0,False,False,10.0,True,33.0,high,,,,,,,,46.65,1,False,4,15
u33,2013-04-10,1.75,1.0,False,4.0,True,True,6.0,False,33.0,high,,,,,,,,117.68333333333334,2,False,4,15
u33,2013-04-11,4.0,0.0,False,4.0,False,True,8.0,True,33.0,high,,,,,,,,106.1,3,False,4,15
u33,2013-04-12,3.0,0.0,False,4.0,False,True,8.0,True,33.0,high,,,,,,,,82.28333333333333,4,False,4,15
u33,2013-04-13,4.0,0.0,False,4.0,False,True,10.0,True,33.0,high,,,,,,,,14.316666666666666,5,True,4,15
u33,2013-04-14,1.0,0.0,False,2.0,False,False,8.0,True,33.0,high,,,,,,,,20.983333333333334,6,True,4,15
u33,2013-04-15,4.0,1.0,False,4.0,True,False,4.0,False,33.0,high,,,,,,,,116.08333333333333,0,False,4,16
u33,2013-04-16,4.0,0.0,False,4.0,False,False,7.75,False,33.0,high,,,,,,,,108.01666666666667,1,False,4,16
u33,2013-04-17,2.5,2.0,True,5.0,True,True,7.5,True,33.0,high,,,,,,,,122.96666666666667,2,False,4,16
u33,2013-04-18,4.0,0.0,False,4.0,False,True,8.0,True,33.0,high,1.0,,,,0.0,1.0,0.0,124.23333333333333,3,False,4,16
u33,2013-04-20,5.0,0.0,False,3.5,False,False,12.0,True,33.0,high,1.0,0.0,1.0,0.0,0.0,1.0,0.0,35.0,5,True,4,16
u33,2013-04-29,2.3333333333333335,1.0,False,4.0,True,False,7.75,False,33.0,high,-2.0,0.0,1.0,0.0,0.0,0.0,1.0,44.55,0,False,4,18
u33,2013-04-30,2.6666666666666665,1.0,False,3.0,True,False,8.0,True,33.0,high,-2.0,0.0,1.0,0.0,0.0,0.0,1.0,110.78333333333333,1,False,4,18
u33,2013-05-01,3.0,1.0,False,4.0,True,False,7.75,False,33.0,high,-2.0,0.0,1.0,0.0,0.0,0.0,1.0,151.96666666666667,2,False,5,18
u33,2013-05-02,2.0,0.0,False,4.0,False,False,7.75,False,33.0,high,-2.0,0.0,0.0,1.0,0.0,0.0,1.0,66.66666666666667,3,False,5,18
u33,2013-05-06,3.0,0.0,False,4.0,False,False,5.0,False,33.0,high,-1.0,0.0,1.0,0.0,0.0,0.0,1.0,142.21666666666667,0,False,5,19
u33,2013-05-07,3.0,1.0,False,4.0,True,False,8.0,True,33.0,high,-1.0,0.0,1.0,0.0,0.0,0.0,1.0,60.03333333333333,1,False,5,19
u33,2013-05-08,3.0,1.0,False,4.0,True,False,9.0,True,33.0,high,-1.0,0.0,1.0,0.0,0.0,0.0,1.0,96.68333333333334,2,False,5,19
u33,2013-05-15,3.0,1.0,False,4.0,True,False,7.75,False,33.0,high,-3.0,0.0,0.0,1.0,0.0,0.0,1.0,8.85,2,False,5,20
u33,2013-05-16,3.0,0.0,False,4.0,False,False,7.75,False,33.0,high,-3.0,0.0,0.0,1.0,0.0,0.0,1.0,65.0,3,False,5,20
u33,2013-05-18,3.0,0.0,False,3.5,False,False,7.75,False,33.0,high,-3.0,0.0,1.0,0.0,,,,22.866666666666667,5,True,5,20
u33,2013-05-19,3.0,0.0,False,3.5,False,False,7.75,False,33.0,high,-3.0,0.0,1.0,0.0,0.0,1.0,0.0,102.21666666666667,6,True,5,20
u33,2013-05-22,3.0,1.0,False,4.0,True,False,7.75,False,33.0,high,-3.0,0.0,1.0,0.0,0.0,1.0,0.0,28.466666666666665,2,False,5,21
u33,2013-05-24,3.5,1.0,False,4.0,True,False,2.0,False,33.0,high,-3.0,0.0,1.0,0.0,0.0,1.0,0.0,102.21666666666667,4,False,5,21
u33,2013-05-30,2.0,0.0,False,3.0,False,False,1.0,False,33.0,high,-3.0,0.0,0.0,1.0,0.0,1.0,0.0,76.95,3,False,5,22
u34,2013-03-31,4.0,0.0,False,4.0,False,False,7.0,False,14.0,moderate,,,,,,,,138.88333333333333,6,True,3,13
u34,2013-04-03,2.5,0.0,False,4.0,False,True,7.0,False,14.0,moderate,,,,,,,,152.83333333333334,2,False,4,14
u34,2013-04-05,1.0,0.0,False,4.0,False,True,7.0,False,14.0,moderate,,,,,,,,159.71666666666667,4,False,4,14
u34,2013-04-15,1.0,1.0,False,4.0,True,False,7.0,False,14.0,moderate,,,,,,,,200.76666666666668,0,False,4,16
u34,2013-04-29,1.0,0.0,False,4.0,False,False,5.0,False,14.0,moderate,,,,,,,,156.48333333333332,0,False,4,18
u35,2013-03-29,2.5,0.0,False,2.0,False,False,6.5,False,14.0,moderate,,,,,,,,71.78333333333333,4,False,3,13
u35,2013-03-30,5.0,0.0,False,2.0,False,False,7.0,False,14.0,moderate,,,,,,,,71.41666666666667,5,True,3,13
u35,2013-03-31,4.0,0.0,False,2.0,False,False,7.0,False,14.0,moderate,,,,,,,,16.333333333333332,6,True,3,13
u35,2013-04-02,1.0,1.0,False,3.0,True,False,6.0,False,14.0,moderate,,,,,,,,129.08333333333334,1,False,4,14
u35,2013-04-03,1.0,0.0,False,3.0,False,False,5.0,False,14.0,moderate,,,,,,,,79.8,2,False,4,14
u35,2013-04-04,4.0,0.0,False,2.0,False,False,7.0,False,14.0,moderate,,,,,,,,65.88333333333334,3,False,4,14
u35,2013-04-05,4.0,0.0,False,3.0,False,False,7.0,False,14.0,moderate,,,,,,,,86.01666666666667,4,False,4,14
u35,2013-04-06,5.0,0.0,False,1.0,False,False,7.0,False,14.0,moderate,,,,,,,,240.03333333333333,5,True,4,14
u35,2013-04-09,4.0,1.0,False,3.0,True,False,8.0,True,14.0,moderate,,,,,,,,203.2,1,False,4,15
u35,2013-04-10,1.0,0.0,False,3.0,False,False,8.0,True,14.0,moderate,,,,,,,,151.36666666666667,2,False,4,15
u35,2013-04-11,5.0,0.0,False,3.0,False,False,7.0,False,14.0,moderate,,,,,,,,231.61666666666667,3,False,4,15
u35,2013-04-12,1.0,0.0,False,3.0,False,False,8.0,True,14.0,moderate,,,,,,,,20.333333333333332,4,False,4,15
u35,2013-04-13,1.0,0.0,False,2.0,False,False,7.0,False,14.0,moderate,,,,,,,,66.53333333333333,5,True,4,15
u35,2013-04-14,4.0,0.0,False,2.0,False,False,8.0,True,14.0,moderate,,,,,,,,57.86666666666667,6,True,4,15
u35,2013-04-15,1.0,1.0,False,3.0,True,False,8.0,True,14.0,moderate,,,,,,,,44.983333333333334,0,False,4,16
u35,2013-04-16,1.0,0.0,False,3.0,False,False,7.0,False,14.0,moderate,,,,,,,,161.43333333333334,1,False,4,16
u35,2013-04-18,1.5,0.0,False,4.0,False,True,6.0,False,14.0,moderate,,,,,1.0,0.0,0.0,180.8,3,False,4,16
u35,2013-04-20,4.0,0.0,False,2.0,False,False,7.0,False,14.0,moderate,,,,,1.0,0.0,0.0,0.0,5,True,4,16
u35,2013-04-21,1.5,0.0,False,2.0,False,False,7.0,False,14.0,moderate,,,,,1.0,0.0,0.0,156.53333333333333,6,True,4,16
u35,2013-04-23,3.0,1.0,False,3.0,True,False,7.0,False,14.0,moderate,,,,,1.0,0.0,0.0,217.15,1,False,4,17
u35,2013-04-29,2.0,0.0,False,3.0,False,False,8.0,True,14.0,moderate,,0.0,0.0,1.0,0.0,1.0,0.0,170.88333333333333,0,False,4,18
u35,2013-04-30,1.0,1.0,False,3.0,True,False,6.0,False,14.0,moderate,,0.0,0.0,1.0,0.0,1.0,0.0,0.0,1,False,4,18
u35,2013-05-02,1.0,0.0,False,3.0,False,False,6.0,False,14.0,moderate,,0.0,0.0,1.0,1.0,0.0,0.0,98.36666666666666,3,False,5,18
u35,2013-05-07,5.0,1.0,False,3.0,True,False,7.0,False,14.0,moderate,,1.0,0.0,0.0,1.0,0.0,0.0,86.21666666666667,1,False,5,19
u35,2013-05-08,1.0,0.0,False,3.0,False,False,7.0,False,14.0,moderate,0.0,0.0,0.0,1.0,1.0,0.0,0.0,26.5,2,False,5,19
u35,2013-05-12,3.0,0.0,False,2.0,False,False,7.0,False,14.0,moderate,0.0,1.0,0.0,0.0,,,,84.61666666666666,6,True,5,19
u35,2013-05-19,1.0,0.0,False,2.0,False,False,7.0,False,14.0,moderate,0.0,0.0,0.0,1.0,,,,59.233333333333334,6,True,5,20
u35,2013-05-21,1.0,0.0,False,3.0,False,False,7.0,False,14.0,moderate,0.0,0.0,1.0,0.0,,,,3.8666666666666667,1,False,5,21
u35,2013-05-22,1.0,0.0,False,3.0,False,False,7.0,False,14.0,moderate,0.0,0.0,1.0,0.0,1.0,0.0,0.0,0.0,2,False,5,21
u36,2013-03-30,1.0,0.0,False,3.0,False,False,8.0,True,12.0,low,,,,,,,,191.95,5,True,3,13
u36,2013-03-31,1.0,0.0,False,2.0,False,False,8.0,True,12.0,low,,,,,,,,107.78333333333333,6,True,3,13
u36,2013-04-03,1.0,0.0,False,2.0,False,False,7.0,False,12.0,low,,,,,,,,117.51666666666667,2,False,4,14
u36,2013-04-04,1.0,0.0,False,2.0,False,False,8.0,True,12.0,low,,,,,,,,59.6,3,False,4,14
u36,2013-04-05,1.0,0.0,False,2.0,False,False,4.0,False,12.0,low,,,,,,,,79.33333333333333,4,False,4,14
u36,2013-04-06,2.5,0.0,False,2.0,False,False,8.0,True,12.0,low,,,,,,,,113.85,5,True,4,14
u36,2013-04-07,2.0,0.0,False,2.0,False,False,8.0,True,12.0,low,,,,,,,,114.71666666666667,6,True,4,14
u36,2013-04-08,3.0,1.0,False,2.0,False,False,8.0,True,12.0,low,,,,,,,,128.23333333333332,0,False,4,15
u36,2013-04-09,1.0,0.0,False,2.0,False,False,8.0,True,12.0,low,,,,,,,,55.983333333333334,1,False,4,15
u36,2013-04-10,1.0,0.0,False,2.0,False,False,8.0,True,12.0,low,,,,,,,,109.33333333333333,2,False,4,15
u36,2013-04-11,2.0,0.0,False,2.0,False,False,8.0,True,12.0,low,,,,,,,,81.61666666666666,3,False,4,15
u36,2013-04-12,2.5,0.0,False,2.0,False,False,5.0,False,12.0,low,,,,,,,,97.66666666666667,4,False,4,15
u36,2013-04-13,2.0,0.0,False,2.0,False,False,8.0,False,12.0,low,,,,,,,,92.35,5,True,4,15
u36,2013-04-14,1.5,0.0,False,2.0,False,False,8.0,True,12.0,low,,,,,,,,205.06666666666666,6,True,4,15
u36,2013-04-15,2.0,1.0,False,2.0,False,False,8.0,True,12.0,low,,,,,,,,48.7,0,False,4,16
u36,2013-04-16,2.0,0.0,False,2.0,False,False,8.0,False,12.0,low,,,,,,,,88.75,1,False,4,16
u36,2013-04-17,2.0,0.0,False,2.0,False,False,8.0,True,12.0,low,,,,,,,,132.3,2,False,4,16
u36,2013-04-18,1.0,0.0,False,2.0,False,False,8.0,False,12.0,low,,,,,0.0,1.0,0.0,238.08333333333334,3,False,4,16
u36,2013-04-20,1.0,0.0,False,2.0,False,False,8.0,False,12.0,low,,0.0,1.0,0.0,0.0,1.0,0.0,298.8833333333333,5,True,4,16
u36,2013-04-29,1.0,0.0,False,2.0,False,False,7.0,False,12.0,low,1.0,0.0,1.0,0.0,1.0,0.0,0.0,42.36666666666667,0,False,4,18
u36,2013-04-30,1.0,1.0,False,2.0,False,False,8.0,False,12.0,low,1.0,0.0,1.0,0.0,1.0,0.0,0.0,69.0,1,False,4,18
u36,2013-05-01,1.0,0.0,False,2.0,False,False,7.0,False,12.0,low,1.0,0.0,1.0,0.0,1.0,0.0,0.0,165.35,2,False,5,18
u36,2013-05-03,1.0,0.0,False,2.0,False,False,8.0,True,12.0,low,1.0,0.0,1.0,0.0,0.0,1.0,0.0,102.3,4,False,5,18
u36,2013-05-06,1.0,0.0,False,2.0,False,False,7.0,False,12.0,low,1.0,0.0,1.0,0.0,0.0,1.0,0.0,147.36666666666667,0,False,5,19
u36,2013-05-07,1.0,1.0,False,2.0,False,False,8.0,False,12.0,low,1.0,0.0,1.0,0.0,1.0,0.0,0.0,112.18333333333334,1,False,5,19
u36,2013-05-08,1.0,0.0,False,2.0,False,False,10.0,True,12.0,low,1.0,0.0,1.0,0.0,1.0,0.0,0.0,116.2,2,False,5,19
u36,2013-05-09,1.0,0.0,False,2.0,False,False,10.0,True,12.0,low,1.0,1.0,0.0,0.0,1.0,0.0,0.0,72.08333333333333,3,False,5,19
u36,2013-05-16,1.0,0.0,False,2.0,False,False,8.0,False,12.0,low,0.0,0.0,1.0,0.0,1.0,0.0,0.0,179.66666666666666,3,False,5,20
u36,2013-05-17,1.0,0.0,False,2.0,False,False,8.0,False,12.0,low,0.0,0.0,1.0,0.0,,,,136.53333333333333,4,False,5,20
u36,2013-05-18,1.0,0.0,False,2.0,False,False,8.0,False,12.0,low,0.0,0.0,1.0,0.0,,,,62.333333333333336,5,True,5,20
u36,2013-05-19,1.0,0.0,False,2.0,False,False,10.0,True,12.0,low,,0.0,1.0,0.0,1.0,0.0,0.0,23.566666666666666,6,True,5,20
u36,2013-05-20,1.0,0.0,False,2.0,False,False,8.0,False,12.0,low,,0.0,1.0,0.0,1.0,0.0,0.0,62.4,0,False,5,21
u36,2013-05-21,4.0,0.0,False,2.0,False,False,8.0,False,12.0,low,,1.0,0.0,0.0,1.0,0.0,0.0,95.9,1,False,5,21
u36,2013-05-22,4.0,0.0,False,2.0,False,False,8.0,False,12.0,low,,1.0,0.0,0.0,1.0,0.0,0.0,46.416666666666664,2,False,5,21
u36,2013-05-23,1.0,0.0,False,2.0,False,False,8.0,False,12.0,low,0.0,0.0,1.0,0.0,1.0,0.0,0.0,59.28333333333333,3,False,5,21
u36,2013-05-24,1.0,0.0,False,2.0,False,False,8.0,False,12.0,low,0.0,0.0,1.0,0.0,1.0,0.0,0.0,209.08333333333334,4,False,5,21
u39,2013-04-02,1.0,0.0,False,1.0,False,False,8.0,False,,,,,,,,,,23.033333333333335,1,False,4,14
u39,2013-04-10,1.0,0.0,False,1.0,False,False,7.5,True,,,,,,,,,,16.366666666666667,2,False,4,15
u39,2013-04-13,1.0,0.0,False,1.0,False,False,8.0,True,,,,,,,,,,0.13333333333333333,5,True,4,15
u39,2013-04-16,1.0,0.0,False,1.0,False,False,8.0,True,,,,,,,,,,39.166666666666664,1,False,4,16
u39,2013-04-17,1.0,0.0,False,1.0,False,False,8.0,True,,,,,,,,,,7.0,2,False,4,16
u39,2013-04-25,1.0,0.0,False,1.0,False,False,8.0,True,,,,,,,1.0,0.0,0.0,16.783333333333335,3,False,4,17
u41,2013-03-31,2.0,1.0,False,2.0,True,False,8.0,True,,,,,,,,,,54.63333333333333,6,True,3,13
u41,2013-04-04,2.0,0.0,False,4.0,False,False,8.0,True,,,,,,,,,,55.8,3,False,4,14
u41,2013-04-09,1.0,0.0,False,4.0,False,False,6.666666666666667,False,,,,,,,,,,63.63333333333333,1,False,4,15
u41,2013-04-13,2.0,0.0,False,4.0,False,True,8.0,False,,,,,,,,,,0.4666666666666667,5,True,4,15
u41,2013-04-14,3.0,0.0,False,4.0,False,True,8.0,False,,,,,,,,,,36.06666666666667,6,True,4,15
u41,2013-04-16,1.0,1.0,False,4.0,True,False,8.0,False,,,,,,,,,,68.41666666666667,1,False,4,16
u41,2013-04-26,1.0,0.0,False,4.0,False,False,8.0,False,,,,,,,0.0,0.0,1.0,51.38333333333333,4,False,4,17
u41,2013-04-29,2.0,0.0,False,4.0,False,False,8.0,False,,,,,,,0.0,0.0,1.0,79.91666666666667,0,False,4,18
u41,2013-04-30,3.0,2.0,True,4.0,True,False,8.0,False,,,,,,,0.0,0.0,1.0,77.81666666666666,1,False,4,18
u41,2013-05-08,3.0,0.0,False,4.0,False,False,8.0,False,,,,0.0,0.0,1.0,,,,66.9,2,False,5,19
u42,2013-04-02,5.0,1.0,False,2.0,True,False,6.5,False,24.0,moderate,,,,,,,,285.4166666666667,1,False,4,14
u42,2013-04-03,5.0,0.0,False,3.0,False,False,7.0,False,24.0,moderate,,,,,,,,125.95,2,False,4,14
u42,2013-04-04,2.5,0.0,False,3.0,False,False,7.0,False,24.0,moderate,,,,,,,,116.46666666666667,3,False,4,14
u42,2013-04-05,4.0,0.0,False,2.5,False,False,6.0,False,24.0,moderate,,,,,,,,235.03333333333333,4,False,4,14
u42,2013-04-06,4.0,0.0,False,3.0,False,False,7.0,False,24.0,moderate,,,,,,,,341.4,5,True,4,14
u42,2013-04-08,2.0,1.0,False,2.5,True,False,8.0,True,24.0,moderate,,,,,,,,72.48333333333333,0,False,4,15
u42,2013-04-09,4.0,1.0,False,2.5,True,False,7.0,False,24.0,moderate,,,,,,,,52.35,1,False,4,15
u42,2013-04-13,4.0,0.0,False,3.0,False,False,7.0,False,24.0,moderate,,,,,,,,107.95,5,True,4,15
u42,2013-04-14,1.0,0.0,False,3.0,False,False,7.0,False,24.0,moderate,,,,,,,,46.68333333333333,6,True,4,15
u42,2013-04-23,1.0,1.0,False,2.0,True,False,7.0,False,24.0,moderate,,,,,,,,109.41666666666667,1,False,4,17
u42,2013-04-26,4.0,0.0,False,2.5,False,False,7.0,False,24.0,moderate,,,,,1.0,0.0,0.0,70.15,4,False,4,17
u42,2013-04-29,1.0,0.0,False,2.5,False,False,7.0,False,24.0,moderate,,1.0,0.0,0.0,1.0,0.0,0.0,104.88333333333334,0,False,4,18
u42,2013-05-08,2.6666666666666665,0.0,False,2.5,False,False,7.0,False,24.0,moderate,1.0,1.0,0.0,0.0,1.0,0.0,0.0,56.583333333333336,2,False,5,19
u42,2013-05-13,1.0,1.0,False,1.0,True,False,9.0,True,24.0,moderate,1.0,1.0,0.0,0.0,1.0,0.0,0.0,65.56666666666666,0,False,5,20
u42,2013-05-14,4.0,0.0,False,3.0,False,False,7.0,False,24.0,moderate,1.0,1.0,0.0,0.0,1.0,0.0,0.0,154.51666666666668,1,False,5,20
u42,2013-05-15,5.0,0.0,False,2.5,False,False,7.0,False,24.0,moderate,2.0,1.0,0.0,0.0,1.0,0.0,0.0,79.7,2,False,5,20
u42,2013-05-19,4.0,0.0,False,3.0,False,False,7.0,False,24.0,moderate,1.0,1.0,0.0,0.0,1.0,0.0,0.0,0.21666666666666667,6,True,5,20
u42,2013-05-21,4.0,0.0,False,2.5,False,False,7.0,False,24.0,moderate,1.0,1.0,0.0,0.0,1.0,0.0,0.0,75.93333333333334,1,False,5,21
u42,2013-05-22,4.0,0.0,False,2.5,False,False,7.0,False,24.0,moderate,1.0,1.0,0.0,0.0,1.0,0.0,0.0,0.0,2,False,5,21
u43,2013-04-01,3.0,0.0,False,3.0,False,False,7.0,False,21.0,moderate,,,,,,,,92.23333333333333,0,False,4,14
u43,2013-04-02,1.0,0.0,False,3.0,False,False,8.0,True,21.0,moderate,,,,,,,,110.4,1,False,4,14
u43,2013-04-03,1.8333333333333333,0.0,False,3.4,False,True,7.0,False,21.0,moderate,,,,,,,,118.4,2,False,4,14
u43,2013-04-04,2.0,0.0,False,3.5,False,True,8.0,True,21.0,moderate,,,,,,,,151.58333333333334,3,False,4,14
u43,2013-04-05,1.4,0.0,False,3.0,False,False,8.0,True,21.0,moderate,,,,,,,,279.1333333333333,4,False,4,14
u43,2013-04-06,2.8,0.0,False,2.5,False,False,8.0,True,21.0,moderate,,,,,,,,138.93333333333334,5,True,4,14
u43,2013-04-07,2.75,0.0,False,2.0,False,False,8.0,True,21.0,moderate,,,,,,,,232.35,6,True,4,14
u43,2013-04-08,1.0,1.0,False,2.0,False,False,8.0,True,21.0,moderate,,,,,,,,87.8,0,False,4,15
u43,2013-04-09,1.0,0.0,False,4.0,False,True,7.0,False,21.0,moderate,,,,,,,,126.68333333333334,1,False,4,15
u43,2013-04-10,1.0,0.0,False,3.0,False,False,8.0,True,21.0,moderate,,,,,,,,100.08333333333333,2,False,4,15
u43,2013-04-12,1.75,0.0,False,3.0,False,False,8.0,True,21.0,moderate,,,,,,,,93.01666666666667,4,False,4,15
u43,2013-04-13,1.6666666666666667,0.0,False,4.0,False,True,9.0,True,21.0,moderate,,,,,,,,98.08333333333333,5,True,4,15
u43,2013-04-14,2.0,0.0,False,2.0,False,False,8.0,True,21.0,moderate,,,,,,,,60.1,6,True,4,15
u43,2013-04-15,2.0,1.0,False,3.0,False,False,7.0,False,21.0,moderate,,,,,,,,130.85,0,False,4,16
u43,2013-04-16,3.0,0.0,False,3.0,False,False,6.0,False,21.0,moderate,,,,,,,,113.8,1,False,4,16
u43,2013-04-17,2.3333333333333335,0.0,False,3.5,False,True,7.0,False,21.0,moderate,,,,,,,,125.73333333333333,2,False,4,16
u43,2013-04-18,3.0,0.0,False,3.5,False,True,8.0,True,21.0,moderate,,,,,0.0,1.0,0.0,144.95,3,False,4,16
u43,2013-04-22,2.5,1.0,False,3.5,False,True,8.0,True,21.0,moderate,,,,,0.0,1.0,0.0,47.56666666666667,0,False,4,17
u43,2013-04-23,3.0,0.0,False,3.0,False,False,8.0,False,21.0,moderate,1.0,,,,0.0,1.0,0.0,115.56666666666666,1,False,4,17
u43,2013-04-25,3.0,0.0,False,3.0,False,False,8.0,False,21.0,moderate,1.0,,,,0.0,1.0,0.0,248.16666666666666,3,False,4,17
u43,2013-04-26,4.0,0.0,False,3.0,False,False,8.0,True,21.0,moderate,1.0,,,,0.0,1.0,0.0,134.3,4,False,4,17
u43,2013-04-29,3.0,0.0,False,3.0,False,False,8.0,False,21.0,moderate,1.0,,,,1.0,0.0,0.0,128.96666666666667,0,False,4,18
u43,2013-04-30,2.5,1.0,False,3.0,False,False,8.0,False,21.0,moderate,1.0,1.0,0.0,0.0,1.0,0.0,0.0,150.66666666666666,1,False,4,18
u43,2013-05-01,3.0,0.0,False,3.0,False,False,8.0,True,21.0,moderate,1.0,1.0,0.0,0.0,1.0,0.0,0.0,127.58333333333333,2,False,5,18
u43,2013-05-02,1.0,0.0,False,3.0,False,False,8.0,False,21.0,moderate,1.0,1.0,0.0,0.0,1.0,0.0,0.0,91.85,3,False,5,18
u43,2013-05-03,1.0,0.0,False,4.0,False,True,6.0,False,21.0,moderate,1.0,1.0,0.0,0.0,1.0,0.0,0.0,147.71666666666667,4,False,5,18
u43,2013-05-07,1.0,1.0,False,3.0,False,False,8.0,False,21.0,moderate,1.0,1.0,0.0,0.0,1.0,0.0,0.0,78.48333333333333,1,False,5,19
u43,2013-05-08,1.0,0.0,False,3.0,False,False,8.0,False,21.0,moderate,,1.0,0.0,0.0,1.0,0.0,0.0,56.45,2,False,5,19
u43,2013-05-09,1.0,0.0,False,3.0,False,False,8.0,False,21.0,moderate,,1.0,0.0,0.0,1.0,0.0,0.0,8.6,3,False,5,19
u43,2013-05-15,1.0,0.0,False,3.0,False,False,8.0,False,21.0,moderate,,,,,,,,35.35,2,False,5,20
u43,2013-05-16,1.0,0.0,False,3.0,False,False,8.0,False,21.0,moderate,,,,,,,,35.7,3,False,5,20
u43,2013-05-20,1.0,0.0,False,3.0,False,False,8.0,False,21.0,moderate,,1.0,0.0,0.0,,,,128.93333333333334,0,False,5,21
u43,2013-05-21,1.0,0.0,False,3.0,False,False,8.0,False,21.0,moderate,,1.0,0.0,0.0,,,,227.66666666666666,1,False,5,21
u43,2013-05-24,1.0,0.0,False,3.0,False,False,8.0,False,21.0,moderate,,1.0,0.0,0.0,1.0,0.0,0.0,43.833333333333336,4,False,5,21
u44,2013-04-03,4.0,0.0,False,2.0,False,False,7.0,False,18.0,moderate,,,,,,,,103.93333333333334,2,False,4,14
u44,2013-04-04,3.1666666666666665,0.0,False,2.0,False,False,8.0,True,18.0,moderate,,,,,,,,22.766666666666666,3,False,4,14
u44,2013-04-05,3.25,0.0,False,2.0,False,False,6.0,False,18.0,moderate,,,,,,,,62.983333333333334,4,False,4,14
u44,2013-04-06,2.5,0.0,False,2.0,False,False,6.0,False,18.0,moderate,,,,,,,,47.96666666666667,5,True,4,14
u44,2013-04-07,1.0,0.0,False,2.0,False,False,8.0,True,18.0,moderate,,,,,,,,12.85,6,True,4,14
u44,2013-04-08,2.3333333333333335,2.0,True,2.0,True,False,7.0,False,18.0,moderate,,,,,,,,87.23333333333333,0,False,4,15
u44,2013-04-09,1.75,0.0,False,2.0,False,False,8.0,True,18.0,moderate,,,,,,,,17.333333333333332,1,False,4,15
u44,2013-04-10,1.5,0.0,False,2.0,False,False,8.0,True,18.0,moderate,,,,,,,,67.78333333333333,2,False,4,15
u44,2013-04-11,1.0,0.0,False,2.0,False,False,8.0,True,18.0,moderate,,,,,,,,26.7,3,False,4,15
u44,2013-04-12,1.0,0.0,False,2.0,False,False,8.0,True,18.0,moderate,,,,,,,,63.38333333333333,4,False,4,15
u44,2013-04-13,1.3333333333333333,0.0,False,3.0,False,False,8.0,True,18.0,moderate,,,,,,,,30.5,5,True,4,15
u44,2013-04-15,1.5,2.0,True,1.0,True,False,7.0,False,18.0,moderate,,,,,,,,15.8,0,False,4,16
u44,2013-04-16,3.0,0.0,False,1.5,False,False,8.0,False,18.0,moderate,,,,,,,,53.15,1,False,4,16
u44,2013-04-18,1.0,0.0,False,2.0,False,False,8.0,True,18.0,moderate,1.0,0.0,1.0,0.0,0.5,0.5,0.0,61.916666666666664,3,False,4,16
u44,2013-04-20,1.0,0.0,False,4.0,False,True,7.0,False,18.0,moderate,1.0,0.0,1.0,0.0,0.5,0.5,0.0,35.166666666666664,5,True,4,16
u44,2013-04-21,1.0,0.0,False,2.0,False,False,8.0,True,18.0,moderate,1.0,0.0,1.0,0.0,0.5,0.5,0.0,46.31666666666667,6,True,4,16
u44,2013-04-22,2.0,2.0,True,2.0,True,False,8.0,True,18.0,moderate,1.0,0.0,1.0,0.0,0.5,0.5,0.0,51.86666666666667,0,False,4,17
u44,2013-04-23,2.5,0.0,False,2.0,False,False,7.0,False,18.0,moderate,1.0,0.0,1.0,0.0,0.5,0.5,0.0,165.43333333333334,1,False,4,17
u44,2013-04-25,1.0,0.0,False,2.0,False,False,8.0,True,18.0,moderate,1.0,0.0,1.0,0.0,0.5,0.5,0.0,86.23333333333333,3,False,4,17
u44,2013-04-26,1.0,0.0,False,2.0,False,False,8.0,True,18.0,moderate,1.0,0.0,1.0,0.0,0.5,0.5,0.0,67.33333333333333,4,False,4,17
u44,2013-04-27,1.0,0.0,False,2.0,False,False,8.0,True,18.0,moderate,1.0,0.0,1.0,0.0,0.0,1.0,0.0,0.0,5,True,4,17
u44,2013-04-29,2.0,1.0,False,2.0,True,False,8.0,True,18.0,moderate,1.0,0.0,1.0,0.0,0.0,1.0,0.0,39.46666666666667,0,False,4,18
u44,2013-04-30,2.3333333333333335,1.0,False,3.0,True,False,8.0,True,18.0,moderate,1.0,0.0,1.0,0.0,0.0,1.0,0.0,95.11666666666666,1,False,4,18
u44,2013-05-01,1.0,0.0,False,2.0,False,False,10.0,True,18.0,moderate,1.0,0.0,1.0,0.0,0.0,1.0,0.0,58.3,2,False,5,18
u44,2013-05-02,1.0,0.0,False,2.0,False,False,8.0,True,18.0,moderate,1.0,0.0,1.0,0.0,0.0,1.0,0.0,28.033333333333335,3,False,5,18
u44,2013-05-03,1.0,0.0,False,2.0,False,False,8.0,True,18.0,moderate,1.0,0.0,1.0,0.0,0.0,1.0,0.0,47.75,4,False,5,18
u44,2013-05-04,1.0,0.0,False,3.0,False,False,8.0,True,18.0,moderate,0.0,0.0,1.0,0.0,0.0,1.0,0.0,0.0,5,True,5,18
u44,2013-05-05,1.0,0.0,False,1.0,False,False,7.0,False,18.0,moderate,0.0,0.0,1.0,0.0,0.0,1.0,0.0,22.533333333333335,6,True,5,18
u44,2013-05-06,2.5,1.0,False,2.0,True,False,8.0,True,18.0,moderate,0.0,1.0,0.0,0.0,0.0,1.0,0.0,31.716666666666665,0,False,5,19
u44,2013-05-07,1.0,1.0,False,2.0,True,False,6.0,False,18.0,moderate,0.0,1.0,0.0,0.0,0.0,1.0,0.0,25.65,1,False,5,19
u44,2013-05-08,2.0,0.0,False,2.0,False,False,11.0,True,18.0,moderate,0.0,1.0,0.0,0.0,0.0,1.0,0.0,41.483333333333334,2,False,5,19
u44,2013-05-09,1.0,0.0,False,2.0,False,False,12.0,True,18.0,moderate,0.0,1.0,0.0,0.0,0.0,1.0,0.0,27.183333333333334,3,False,5,19
u44,2013-05-12,2.5,0.0,False,1.5,False,False,12.5,True,18.0,moderate,1.0,1.0,0.0,0.0,,,,0.4,6,True,5,19
u44,2013-05-13,1.0,1.0,False,2.0,True,False,11.0,True,18.0,moderate,1.0,1.0,0.0,0.0,,,,8.516666666666667,0,False,5,20
u44,2013-05-14,1.0,0.0,False,2.0,False,False,12.0,True,18.0,moderate,1.0,1.0,0.0,0.0,,,,27.533333333333335,1,False,5,20
u44,2013-05-15,3.6666666666666665,1.0,False,2.0,True,False,10.0,True,18.0,moderate,1.0,,,,,,,100.98333333333333,2,False,5,20
u44,2013-05-16,4.0,0.0,False,2.0,False,False,17.0,True,18.0,moderate,1.0,0.0,1.0,0.0,,,,8.916666666666666,3,False,5,20
u44,2013-05-17,4.0,0.0,False,2.0,False,False,13.0,True,18.0,moderate,1.0,0.0,1.0,0.0,,,,38.78333333333333,4,False,5,20
u44,2013-05-18,1.0,0.0,False,2.0,False,False,12.0,True,18.0,moderate,1.0,0.0,1.0,0.0,,,,43.25,5,True,5,20
u44,2013-05-19,1.0,0.0,False,3.0,False,False,12.0,True,18.0,moderate,1.0,0.0,1.0,0.0,,,,49.5,6,True,5,20
u44,2013-05-20,1.0,0.0,False,2.0,False,False,12.0,True,18.0,moderate,1.0,0.0,1.0,0.0,,,,29.933333333333334,0,False,5,21
u44,2013-05-21,1.0,0.0,False,2.0,False,False,8.0,False,18.0,moderate,1.0,0.0,1.0,0.0,,,,19.333333333333332,1,False,5,21
u44,2013-05-22,1.0,0.0,False,3.0,False,False,11.0,True,18.0,moderate,1.0,0.0,1.0,0.0,,,,32.68333333333333,2,False,5,21
u44,2013-05-23,1.0,0.0,False,2.0,False,False,12.0,True,18.0,moderate,,0.0,1.0,0.0,,,,53.56666666666667,3,False,5,21
u44,2013-05-24,1.0,0.0,False,4.0,False,True,11.0,True,18.0,moderate,,0.0,1.0,0.0,0.0,1.0,0.0,21.083333333333332,4,False,5,21
u44,2013-05-27,2.0,0.0,False,2.0,False,False,10.0,True,18.0,moderate,,0.0,1.0,0.0,0.0,1.0,0.0,20.15,0,False,5,22
u44,2013-05-31,5.0,0.0,False,2.0,False,False,8.0,False,18.0,moderate,,0.0,1.0,0.0,0.0,1.0,0.0,20.95,4,False,5,22
u45,2013-04-02,3.0,1.0,False,3.0,True,False,8.0,True,21.0,moderate,,,,,,,,330.3666666666667,1,False,4,14
u45,2013-04-03,4.5,0.0,False,4.0,False,True,8.0,False,21.0,moderate,,,,,,,,150.48333333333332,2,False,4,14
u45,2013-04-04,4.0,0.0,False,3.0,False,False,7.0,False,21.0,moderate,,,,,,,,205.11666666666667,3,False,4,14
u45,2013-04-05,5.0,0.0,False,3.0,False,False,8.0,True,21.0,moderate,,,,,,,,119.06666666666666,4,False,4,14
u45,2013-04-06,2.5,0.0,False,3.0,False,False,8.0,False,21.0,moderate,,,,,,,,145.85,5,True,4,14
u45,2013-04-08,4.5,1.0,False,3.0,True,False,8.0,True,21.0,moderate,,,,,,,,184.7,0,False,4,15
u45,2013-04-09,1.0,1.0,False,3.0,True,False,8.0,False,21.0,moderate,,,,,,,,72.11666666666666,1,False,4,15
u45,2013-04-12,5.0,0.0,False,2.0,False,False,6.0,False,21.0,moderate,,,,,,,,102.75,4,False,4,15
u45,2013-04-13,5.0,0.0,False,2.5,False,False,8.0,True,21.0,moderate,,,,,,,,179.88333333333333,5,True,4,15
u45,2013-04-14,5.0,0.0,False,2.0,False,False,8.0,False,21.0,moderate,,,,,,,,247.83333333333334,6,True,4,15
u45,2013-04-16,5.0,0.0,False,3.0,False,False,8.0,False,21.0,moderate,,,,,,,,15.216666666666667,1,False,4,16
u45,2013-04-18,5.0,0.0,False,2.0,False,False,8.0,False,21.0,moderate,,,,,,,,104.7,3,False,4,16
u45,2013-04-29,4.0,0.0,False,3.0,False,False,8.0,False,21.0,moderate,,1.0,0.0,0.0,,,,104.86666666666666,0,False,4,18
u45,2013-05-05,1.0,0.0,False,2.5,False,False,8.0,False,21.0,moderate,,1.0,0.0,0.0,1.0,0.0,0.0,134.23333333333332,6,True,5,18
u45,2013-05-06,1.0,0.0,False,3.0,False,False,8.0,True,21.0,moderate,,1.0,0.0,0.0,1.0,0.0,0.0,201.61666666666667,0,False,5,19
u45,2013-05-07,1.0,1.0,False,3.0,True,False,8.0,False,21.0,moderate,,0.0,1.0,0.0,1.0,0.0,0.0,169.01666666666668,1,False,5,19
u45,2013-05-08,2.5,0.0,False,3.0,False,False,8.0,False,21.0,moderate,0.0,1.0,0.0,0.0,1.0,0.0,0.0,86.2,2,False,5,19
u45,2013-05-18,2.0,0.0,False,2.5,False,False,8.0,False,21.0,moderate,0.0,1.0,0.0,0.0,,,,23.433333333333334,5,True,5,20
u45,2013-05-20,2.0,0.0,False,3.0,False,False,8.0,False,21.0,moderate,0.0,1.0,0.0,0.0,,,,114.86666666666666,0,False,5,21
u45,2013-05-25,1.0,0.0,False,2.5,False,False,8.0,False,21.0,moderate,,1.0,0.0,0.0,,,,84.83333333333333,5,True,5,21
u46,2013-04-01,2.5,0.0,False,3.6666666666666665,False,True,6.666666666666667,False,31.0,high,,,,,,,,274.03333333333336,0,False,4,14
u46,2013-04-02,2.0,0.0,False,4.0,False,True,7.0,False,31.0,high,,,,,,,,143.66666666666666,1,False,4,14
u46,2013-04-03,4.0,0.0,False,4.0,False,True,7.0,False,31.0,high,,,,,,,,143.26666666666668,2,False,4,14
u46,2013-04-04,3.0,0.0,False,4.0,False,True,6.0,False,31.0,high,,,,,,,,274.0,3,False,4,14
u46,2013-04-05,2.0,0.0,False,3.5,False,True,5.0,False,31.0,high,,,,,,,,271.56666666666666,4,False,4,14
u46,2013-04-06,3.5,0.0,False,3.5,False,False,8.0,True,31.0,high,,,,,,,,273.68333333333334,5,True,4,14
u46,2013-04-07,3.0,1.0,False,3.0,True,False,7.0,False,31.0,high,,,,,,,,182.23333333333332,6,True,4,14
u46,2013-04-08,3.5,1.0,False,4.0,True,False,6.0,False,31.0,high,,,,,,,,203.33333333333334,0,False,4,15
u46,2013-04-09,4.0,0.0,False,4.0,False,False,6.0,False,31.0,high,,,,,,,,148.98333333333332,1,False,4,15
u46,2013-04-11,3.0,0.0,False,4.0,False,False,6.0,False,31.0,high,,,,,,,,293.55,3,False,4,15
u46,2013-04-12,1.0,0.0,False,4.0,False,True,6.0,False,31.0,high,,,,,,,,211.3,4,False,4,15
u46,2013-04-13,3.0,0.0,False,4.0,False,True,6.0,False,31.0,high,,,,,,,,258.51666666666665,5,True,4,15
u46,2013-04-15,3.0,1.0,False,4.0,True,True,3.0,False,31.0,high,,,,,,,,158.46666666666667,0,False,4,16
u46,2013-04-17,3.0,0.0,False,4.0,False,False,7.0,False,31.0,high,,,,,,,,186.9,2,False,4,16
u46,2013-04-26,3.0,0.0,False,4.0,False,False,6.0,False,31.0,high,1.0,0.0,1.0,0.0,0.0,0.0,1.0,390.25,4,False,4,17
u46,2013-04-29,3.0,0.0,False,4.0,False,False,6.0,False,31.0,high,1.0,0.0,1.0,0.0,0.0,1.0,0.0,193.95,0,False,4,18
u46,2013-04-30,3.0,2.0,True,4.0,True,False,6.0,False,31.0,high,1.0,0.0,0.0,1.0,0.0,1.0,0.0,122.28333333333333,1,False,4,18
u46,2013-05-02,1.0,0.0,False,4.0,False,False,6.0,False,31.0,high,1.0,0.0,0.0,1.0,0.0,1.0,0.0,224.31666666666666,3,False,5,18
u46,2013-05-06,2.0,0.0,False,4.0,False,False,6.0,False,31.0,high,,0.0,1.0,0.0,1.0,0.0,0.0,301.25,0,False,5,19
u46,2013-05-07,1.0,2.0,True,4.0,True,False,6.0,False,31.0,high,,0.0,1.0,0.0,0.0,1.0,0.0,183.76666666666668,1,False,5,19
u46,2013-05-09,1.0,0.0,False,4.0,False,False,6.0,False,31.0,high,1.0,0.0,1.0,0.0,0.0,1.0,0.0,223.08333333333334,3,False,5,19
u47,2013-03-29,1.0,0.0,False,3.0,False,False,8.5,True,14.0,moderate,,,,,,,,182.51666666666668,4,False,3,13
u47,2013-04-05,4.0,0.0,False,4.0,False,True,7.75,False,14.0,moderate,,,,,,,,47.18333333333333,4,False,4,14
u47,2013-04-12,1.0,0.0,False,3.0,False,False,7.75,False,14.0,moderate,,,,,,,,71.03333333333333,4,False,4,15
u47,2013-04-13,2.0,0.0,False,3.0,False,False,7.75,False,14.0,moderate,,,,,,,,20.333333333333332,5,True,4,15
u47,2013-04-17,1.0,0.0,False,3.0,False,False,7.75,False,14.0,moderate,,,,,,,,28.316666666666666,2,False,4,16
u47,2013-04-18,2.5,0.0,False,2.0,False,False,7.75,False,14.0,moderate,,,,,,,,47.38333333333333,3,False,4,16
u47,2013-04-30,2.0,1.0,False,3.0,True,False,7.75,False,14.0,moderate,,1.0,0.0,0.0,1.0,0.0,0.0,60.8,1,False,4,18
u47,2013-05-03,1.0,0.0,False,3.0,False,False,7.75,False,14.0,moderate,,1.0,0.0,0.0,1.0,0.0,0.0,109.21666666666667,4,False,5,18
u47,2013-05-20,1.0,0.0,False,3.0,False,False,7.75,False,14.0,moderate,2.0,1.0,0.0,0.0,,,,175.03333333333333,0,False,5,21
u47,2013-05-23,4.0,0.0,False,3.0,False,False,7.0,False,14.0,moderate,2.0,0.0,0.0,1.0,1.0,0.0,0.0,162.93333333333334,3,False,5,21
u47,2013-05-24,1.0,0.0,False,2.0,False,False,7.75,False,14.0,moderate,2.0,0.0,1.0,0.0,1.0,0.0,0.0,187.7,4,False,5,21
u49,2013-03-29,3.0,2.0,True,2.0,True,False,4.5,False,16.0,moderate,,,,,,,,135.46666666666667,4,False,3,13
u49,2013-03-30,3.0,0.0,False,3.0,False,False,9.0,True,16.0,moderate,,,,,,,,65.41666666666667,5,True,3,13
u49,2013-03-31,2.6666666666666665,0.0,False,4.0,False,True,2.0,False,16.0,moderate,,,,,,,,171.43333333333334,6,True,3,13
u49,2013-04-01,4.0,2.0,True,4.0,True,True,5.0,False,16.0,moderate,,,,,,,,110.11666666666666,0,False,4,14
u49,2013-04-02,4.0,1.0,False,3.0,True,False,3.0,False,16.0,moderate,,,,,,,,108.78333333333333,1,False,4,14
u49,2013-04-03,2.0,2.0,True,3.0,True,False,4.0,False,16.0,moderate,,,,,,,,82.28333333333333,2,False,4,14
u49,2013-04-04,3.0,1.0,False,3.5,True,True,3.0,False,16.0,moderate,,,,,,,,103.61666666666666,3,False,4,14
u49,2013-04-05,2.0,2.0,True,3.0,True,False,6.0,False,16.0,moderate,,,,,,,,222.45,4,False,4,14
u49,2013-04-06,2.5,0.0,False,4.0,False,True,7.0,False,16.0,moderate,,,,,,,,105.83333333333333,5,True,4,14
u49,2013-04-07,5.0,0.0,False,4.0,False,False,10.0,True,16.0,moderate,,,,,,,,211.16666666666666,6,True,4,14
u49,2013-04-08,3.0,3.0,True,3.0,True,False,3.0,False,16.0,moderate,,,,,,,,99.76666666666667,0,False,4,15
u49,2013-04-09,5.0,1.0,False,3.0,True,False,5.0,False,16.0,moderate,,,,,,,,86.01666666666667,1,False,4,15
u49,2013-04-10,5.0,2.0,True,3.0,True,False,3.0,False,16.0,moderate,,,,,,,,96.86666666666666,2,False,4,15
u49,2013-04-11,5.0,1.0,False,3.0,True,False,3.0,False,16.0,moderate,,,,,,,,85.8,3,False,4,15
u49,2013-04-12,1.0,2.0,True,3.0,True,False,5.5,False,16.0,moderate,,,,,,,,88.36666666666666,4,False,4,15
u49,2013-04-13,4.333333333333333,0.0,False,3.0,False,False,8.0,True,16.0,moderate,,,,,,,,245.55,5,True,4,15
u49,2013-04-14,4.0,0.0,False,5.0,False,True,6.0,False,16.0,moderate,,,,,,,,87.0,6,True,4,15
u49,2013-04-15,4.0,3.0,True,3.0,True,False,5.5,False,16.0,moderate,,,,,,,,96.35,0,False,4,16
u49,2013-04-16,1.0,1.0,False,3.0,True,False,5.5,False,16.0,moderate,,,,,,,,67.11666666666666,1,False,4,16
u49,2013-04-17,4.0,2.0,True,3.0,True,False,5.0,False,16.0,moderate,,,,,,,,103.58333333333333,2,False,4,16
u49,2013-04-18,3.5,2.0,True,3.0,True,False,6.0,False,16.0,moderate,,,,,,,,121.11666666666666,3,False,4,16
u49,2013-04-20,1.0,0.0,False,4.0,False,False,7.0,False,16.0,moderate,,1.0,0.0,0.0,,,,50.0,5,True,4,16
u49,2013-04-23,5.0,1.0,False,4.0,True,True,5.5,False,16.0,moderate,,1.0,0.0,0.0,,,,75.78333333333333,1,False,4,17
u49,2013-04-26,2.0,2.0,True,3.0,True,False,5.5,False,16.0,moderate,1.0,1.0,0.0,0.0,0.0,0.0,1.0,112.46666666666667,4,False,4,17
u49,2013-04-29,4.0,2.0,True,3.0,True,False,8.0,True,16.0,moderate,1.0,1.0,0.0,0.0,0.0,0.0,1.0,71.36666666666666,0,False,4,18
u49,2013-04-30,5.0,2.0,True,3.0,True,False,5.5,False,16.0,moderate,1.0,1.0,0.0,0.0,0.0,0.0,1.0,74.0,1,False,4,18
u49,2013-05-01,4.0,2.0,True,3.0,True,False,4.0,False,16.0,moderate,1.0,1.0,0.0,0.0,0.0,0.0,1.0,74.95,2,False,5,18
u49,2013-05-02,1.0,1.0,False,3.0,True,False,5.5,False,16.0,moderate,1.0,1.0,0.0,0.0,0.0,0.0,1.0,96.4,3,False,5,18
u49,2013-05-04,3.0,0.0,False,4.0,False,True,10.0,True,16.0,moderate,1.0,0.0,1.0,0.0,0.0,0.0,1.0,4.816666666666666,5,True,5,18
u49,2013-05-06,4.0,2.0,True,3.0,True,False,5.0,False,16.0,moderate,2.0,1.0,0.0,0.0,1.0,0.0,0.0,63.63333333333333,0,False,5,19
u49,2013-05-07,4.0,2.0,True,4.0,True,True,4.0,False,16.0,moderate,-1.0,0.0,0.0,1.0,0.0,1.0,0.0,137.66666666666666,1,False,5,19
u49,2013-05-08,4.0,2.0,True,3.0,True,False,5.5,False,16.0,moderate,-1.0,0.0,0.0,1.0,0.0,1.0,0.0,98.58333333333333,2,False,5,19
u49,2013-05-10,2.5,2.0,True,4.0,True,True,11.0,True,16.0,moderate,1.0,1.0,0.0,0.0,0.0,1.0,0.0,239.2,4,False,5,19
u49,2013-05-13,1.0,3.0,True,4.0,True,True,12.0,True,16.0,moderate,1.5,0.5,0.0,0.5,0.5,0.5,0.0,68.48333333333333,0,False,5,20
u49,2013-05-15,2.0,2.0,True,3.0,True,False,5.5,False,16.0,moderate,1.0,1.0,0.0,0.0,0.5,0.5,0.0,89.15,2,False,5,20
u49,2013-05-17,5.0,2.0,True,3.0,True,False,5.5,False,16.0,moderate,2.0,1.0,0.0,0.0,1.0,0.0,0.0,69.96666666666667,4,False,5,20
u49,2013-05-18,4.0,0.0,False,4.0,False,True,15.0,True,16.0,moderate,2.0,1.0,0.0,0.0,1.0,0.0,0.0,11.016666666666667,5,True,5,20
u49,2013-05-19,5.0,0.0,False,4.0,False,False,3.0,False,16.0,moderate,2.0,0.0,0.0,1.0,1.0,0.0,0.0,310.0833333333333,6,True,5,20
u49,2013-05-20,1.0,2.0,True,3.0,True,False,5.5,False,16.0,moderate,1.0,0.0,0.0,1.0,1.0,0.0,0.0,72.96666666666667,0,False,5,21
u49,2013-05-23,4.5,1.0,False,3.0,True,False,5.5,False,16.0,moderate,2.0,1.0,0.0,0.0,1.0,0.0,0.0,149.33333333333334,3,False,5,21
u49,2013-05-24,4.0,2.0,True,3.0,True,False,5.0,False,16.0,moderate,0.0,1.0,0.0,0.0,1.0,0.0,0.0,61.36666666666667,4,False,5,21
u49,2013-05-27,1.0,2.0,True,3.5,True,True,9.0,True,16.0,moderate,0.0,1.0,0.0,0.0,1.0,0.0,0.0,111.16666666666667,0,False,5,22
u49,2013-05-30,5.0,0.0,False,4.0,False,True,7.0,False,16.0,moderate,1.0,0.0,0.0,1.0,1.0,0.0,0.0,67.01666666666667,3,False,5,22
u49,2013-05-31,2.0,1.0,False,3.0,True,False,7.0,False,16.0,moderate,2.0,1.0,0.0,0.0,1.0,0.0,0.0,133.33333333333334,4,False,5,22
u50,2013-04-03,2.0,0.0,False,2.0,False,False,9.0,True,19.0,moderate,,,,,,,,32.38333333333333,2,False,4,14
u50,2013-04-11,2.0,0.0,False,2.0,False,False,9.0,False,19.0,moderate,,,,,,,,16.933333333333334,3,False,4,15
u50,2013-04-15,2.0,2.0,True,2.0,True,False,9.0,False,19.0,moderate,,,,,,,,143.76666666666668,0,False,4,16
u51,2013-03-30,1.0,0.0,False,3.0,False,False,8.0,False,14.0,moderate,,,,,,,,267.85,5,True,3,13
u51,2013-04-03,2.0,0.0,False,3.0,False,False,8.0,True,14.0,moderate,,,,,,,,42.63333333333333,2,False,4,14
u51,2013-04-04,1.0,0.0,False,2.0,False,False,7.0,False,14.0,moderate,,,,,,,,167.4,3,False,4,14
u51,2013-04-05,1.0,0.0,False,2.0,False,False,7.0,False,14.0,moderate,,,,,,,,159.66666666666666,4,False,4,14
u51,2013-04-06,2.5,0.0,False,3.0,False,False,8.0,True,14.0,moderate,,,,,,,,325.4166666666667,5,True,4,14
u51,2013-04-08,1.0,1.0,False,1.0,True,False,6.0,False,14.0,moderate,,,,,,,,89.05,0,False,4,15
u51,2013-04-09,1.0,1.0,False,2.0,True,False,8.0,True,14.0,moderate,,,,,,,,73.13333333333334,1,False,4,15
u51,2013-04-10,1.0,0.0,False,1.0,False,False,8.0,False,14.0,moderate,,,,,,,,121.08333333333333,2,False,4,15
u51,2013-04-13,1.0,0.0,False,3.0,False,False,8.0,True,14.0,moderate,,,,,,,,96.65,5,True,4,15
u51,2013-04-14,1.0,0.0,False,3.0,False,False,8.0,False,14.0,moderate,,,,,,,,210.23333333333332,6,True,4,15
u51,2013-04-15,2.0,1.0,False,1.0,True,False,8.0,True,14.0,moderate,,,,,,,,105.75,0,False,4,16
u51,2013-04-16,1.6666666666666667,0.0,False,1.0,False,False,7.0,False,14.0,moderate,,,,,,,,105.53333333333333,1,False,4,16
u51,2013-04-17,1.0,0.0,False,2.0,False,False,6.0,False,14.0,moderate,,,,,,,,121.08333333333333,2,False,4,16
u51,2013-04-18,1.5,0.0,False,2.0,False,False,8.0,False,14.0,moderate,0.0,,,,,,,109.91666666666667,3,False,4,16
u51,2013-04-20,1.0,0.0,False,3.0,False,False,8.0,False,14.0,moderate,0.0,,,,,,,83.2,5,True,4,16
u51,2013-04-23,1.0,1.0,False,2.0,True,False,8.0,False,14.0,moderate,0.0,,,,,,,157.8,1,False,4,17
u51,2013-04-25,1.0,0.0,False,2.0,False,False,8.0,False,14.0,moderate,0.0,,,,,,,146.81666666666666,3,False,4,17
u51,2013-04-26,1.0,0.0,False,2.0,False,False,8.0,False,14.0,moderate,0.0,0.0,1.0,0.0,,,,107.65,4,False,4,17
u51,2013-05-01,3.0,0.0,False,2.0,False,False,8.0,False,14.0,moderate,0.0,0.0,1.0,0.0,,,,23.916666666666668,2,False,5,18
u51,2013-05-02,3.0,0.0,False,2.0,False,False,8.0,False,14.0,moderate,0.0,0.0,1.0,0.0,,,,68.6,3,False,5,18
u51,2013-05-03,2.0,0.0,False,2.0,False,False,6.0,False,14.0,moderate,,0.0,1.0,0.0,,,,151.08333333333334,4,False,5,18
u51,2013-05-08,1.0,0.0,False,2.0,False,False,8.0,False,14.0,moderate,0.0,0.0,1.0,0.0,,,,126.05,2,False,5,19
u51,2013-05-15,1.0,0.0,False,2.0,False,False,8.0,False,14.0,moderate,0.0,0.0,1.0,0.0,,,,166.16666666666666,2,False,5,20
u51,2013-05-16,1.5,0.0,False,2.0,False,False,8.0,False,14.0,moderate,-1.0,0.0,1.0,0.0,,,,127.53333333333333,3,False,5,20
u51,2013-05-17,1.0,0.0,False,2.0,False,False,8.0,False,14.0,moderate,0.0,0.0,1.0,0.0,,,,147.31666666666666,4,False,5,20
u51,2013-05-18,1.0,0.0,False,3.0,False,False,8.0,False,14.0,moderate,0.0,0.0,0.0,1.0,,,,126.83333333333333,5,True,5,20
u51,2013-05-19,1.0,0.0,False,3.0,False,False,8.0,False,14.0,moderate,0.0,0.0,0.0,1.0,0.0,1.0,0.0,51.1,6,True,5,20
u51,2013-05-20,2.0,0.0,False,2.0,False,False,13.0,True,14.0,moderate,0.0,0.0,0.0,1.0,0.0,1.0,0.0,108.56666666666666,0,False,5,21
u51,2013-05-21,2.0,0.0,False,2.0,False,False,8.0,True,14.0,moderate,0.0,0.0,0.0,1.0,0.0,1.0,0.0,178.28333333333333,1,False,5,21
u51,2013-05-22,1.5,0.0,False,2.0,False,False,8.0,False,14.0,moderate,0.0,0.0,0.0,1.0,0.0,1.0,0.0,93.75,2,False,5,21
u51,2013-05-23,1.0,0.0,False,2.0,False,False,8.0,False,14.0,moderate,0.0,0.0,0.0,1.0,0.0,1.0,0.0,128.33333333333334,3,False,5,21
u51,2013-05-24,2.0,0.0,False,2.0,False,False,8.0,False,14.0,moderate,0.0,0.0,0.0,1.0,0.0,1.0,0.0,221.83333333333334,4,False,5,21
u52,2013-03-28,1.0,0.0,False,2.5,False,False,8.0,True,22.0,moderate,,,,,,,,122.58333333333333,3,False,3,13
u52,2013-03-30,2.0,0.0,False,3.0,False,False,10.0,True,22.0,moderate,,,,,,,,177.8,5,True,3,13
u52,2013-03-31,2.0,1.0,False,3.0,True,False,8.0,False,22.0,moderate,,,,,,,,122.58333333333333,6,True,3,13
u52,2013-04-03,3.0,0.0,False,3.0,False,False,8.0,True,22.0,moderate,,,,,,,,1371.4,2,False,4,14
u52,2013-04-04,5.0,0.0,False,2.0,False,False,8.0,True,22.0,moderate,,,,,,,,1290.0333333333333,3,False,4,14
u52,2013-04-05,1.0,0.0,False,3.0,False,False,6.0,False,22.0,moderate,,,,,,,,112.25,4,False,4,14
u52,2013-04-06,3.0,0.0,False,2.5,False,False,6.0,False,22.0,moderate,,,,,,,,79.61666666666666,5,True,4,14
u52,2013-04-07,3.0,1.0,False,2.0,True,False,6.0,False,22.0,moderate,,,,,,,,102.66666666666667,6,True,4,14
u52,2013-04-08,3.0,1.0,False,2.5,True,False,6.0,False,22.0,moderate,,,,,,,,123.63333333333334,0,False,4,15
u52,2013-04-09,5.0,0.0,False,2.5,False,False,9.0,True,22.0,moderate,,,,,,,,92.16666666666667,1,False,4,15
u52,2013-04-10,1.0,0.0,False,2.0,False,False,7.0,False,22.0,moderate,,,,,,,,92.78333333333333,2,False,4,15
u52,2013-04-11,5.0,0.0,False,2.0,False,False,4.0,False,22.0,moderate,,,,,,,,132.91666666666666,3,False,4,15
u52,2013-04-12,1.0,0.0,False,3.0,False,False,4.0,False,22.0,moderate,,,,,,,,81.66666666666667,4,False,4,15
u52,2013-04-13,5.0,0.0,False,2.0,False,False,10.0,True,22.0,moderate,,,,,,,,125.46666666666667,5,True,4,15
u52,2013-04-14,2.0,0.0,False,2.5,False,False,8.0,False,22.0,moderate,,,,,,,,154.08333333333334,6,True,4,15
u52,2013-04-15,1.0,1.0,False,2.5,True,False,9.0,True,22.0,moderate,,,,,,,,126.51666666666667,0,False,4,16
u52,2013-04-16,1.0,1.0,False,2.5,True,False,9.0,True,22.0,moderate,,,,,,,,101.41666666666667,1,False,4,16
u52,2013-04-17,2.5,0.0,False,2.5,False,False,8.0,False,22.0,moderate,,,,,,,,48.15,2,False,4,16
u52,2013-04-18,4.5,0.0,False,2.5,False,False,9.0,True,22.0,moderate,2.0,,,,1.0,0.0,0.0,77.45,3,False,4,16
u52,2013-04-23,2.0,0.0,False,2.5,False,False,7.0,False,22.0,moderate,2.0,0.0,1.0,0.0,1.0,0.0,0.0,87.35,1,False,4,17
u52,2013-04-26,2.0,0.0,False,2.5,False,False,8.0,False,22.0,moderate,2.0,0.0,1.0,0.0,1.0,0.0,0.0,112.75,4,False,4,17
u52,2013-04-29,1.5,0.0,False,2.5,False,False,8.0,False,22.0,moderate,2.0,0.0,1.0,0.0,0.0,1.0,0.0,100.11666666666666,0,False,4,18
u52,2013-04-30,1.0,2.0,True,2.5,True,False,9.0,True,22.0,moderate,2.0,0.0,1.0,0.0,0.0,1.0,0.0,130.41666666666666,1,False,4,18
u52,2013-05-01,1.0,0.0,False,2.5,False,False,8.0,False,22.0,moderate,2.0,1.0,0.0,0.0,0.0,1.0,0.0,134.86666666666667,2,False,5,18
u52,2013-05-16,2.0,0.0,False,2.5,False,False,1.0,False,22.0,moderate,-3.0,1.0,0.0,0.0,,,,347.81666666666666,3,False,5,20
u52,2013-05-17,1.0,0.0,False,2.5,False,False,8.0,False,22.0,moderate,-3.0,1.0,0.0,0.0,,,,936.3833333333333,4,False,5,20
u52,2013-05-19,2.0,0.0,False,2.5,False,False,8.0,False,22.0,moderate,-3.0,1.0,0.0,0.0,,,,117.38333333333334,6,True,5,20
u52,2013-05-21,3.0,0.0,False,2.5,False,False,8.0,False,22.0,moderate,-3.0,1.0,0.0,0.0,,,,106.91666666666667,1,False,5,21
u52,2013-05-22,1.0,0.0,False,2.5,False,False,8.0,False,22.0,moderate,-3.0,1.0,0.0,0.0,,,,137.05,2,False,5,21
u52,2013-05-25,5.0,0.0,False,2.5,False,False,8.0,False,22.0,moderate,-3.0,1.0,0.0,0.0,1.0,0.0,0.0,1440.2166666666667,5,True,5,21
u53,2013-03-27,1.0,0.0,False,2.0,False,False,7.0,False,23.0,moderate,,,,,,,,141.58333333333334,2,False,3,13
u53,2013-03-28,1.0,0.0,False,4.0,False,True,8.0,True,23.0,moderate,,,,,,,,37.1,3,False,3,13
u53,2013-03-29,1.0,0.0,False,2.5,False,False,6.0,False,23.0,moderate,,,,,,,,37.61666666666667,4,False,3,13
u53,2013-03-30,2.0,0.0,False,3.0,False,False,7.0,False,23.0,moderate,,,,,,,,198.46666666666667,5,True,3,13
u53,2013-04-01,1.5,0.0,False,3.25,False,True,6.5,False,23.0,moderate,,,,,,,,111.9,0,False,4,14
u53,2013-04-03,2.5,0.0,False,2.0,False,False,6.0,False,23.0,moderate,,,,,,,,72.21666666666667,2,False,4,14
u53,2013-04-05,3.5,0.0,False,4.0,False,True,5.0,False,23.0,moderate,,,,,,,,95.81666666666666,4,False,4,14
u53,2013-04-06,2.0,0.0,False,3.0,False,False,6.0,False,23.0,moderate,,,,,,,,13.75,5,True,4,14
u53,2013-04-09,1.0,0.0,False,2.25,False,False,6.0,False,23.0,moderate,,,,,,,,26.816666666666666,1,False,4,15
u53,2013-04-13,1.0,0.0,False,3.0,False,False,7.0,False,23.0,moderate,,,,,,,,12.916666666666666,5,True,4,15
u53,2013-04-15,1.5,1.0,False,2.25,True,False,6.0,False,23.0,moderate,,,,,,,,70.46666666666667,0,False,4,16
u53,2013-04-16,2.0,0.0,False,2.0,False,False,6.0,False,23.0,moderate,,,,,,,,33.233333333333334,1,False,4,16
u53,2013-04-19,1.0,0.0,False,3.0,False,False,6.0,False,23.0,moderate,1.0,,,,0.0,0.0,1.0,89.71666666666667,4,False,4,16
u53,2013-04-21,1.0,0.0,False,3.0,False,False,6.0,False,23.0,moderate,1.0,1.0,0.0,0.0,0.0,0.0,1.0,72.51666666666667,6,True,4,16
u53,2013-04-23,4.0,0.0,False,2.0,False,False,6.0,False,23.0,moderate,1.0,1.0,0.0,0.0,0.0,0.0,1.0,42.28333333333333,1,False,4,17
u53,2013-04-25,1.0,0.0,False,2.25,False,False,6.0,False,23.0,moderate,1.0,1.0,0.0,0.0,0.0,0.0,1.0,85.5,3,False,4,17
u53,2013-04-29,1.5,0.0,False,2.25,False,False,1.0,False,23.0,moderate,1.0,1.0,0.0,0.0,0.0,0.0,1.0,62.31666666666667,0,False,4,18
u53,2013-04-30,1.0,1.0,False,2.25,True,False,6.0,False,23.0,moderate,1.0,1.0,0.0,0.0,0.0,0.0,1.0,89.93333333333334,1,False,4,18
u53,2013-05-01,1.0,0.0,False,2.25,False,False,6.0,False,23.0,moderate,1.0,1.0,0.0,0.0,0.0,0.0,1.0,76.61666666666666,2,False,5,18
u53,2013-05-02,1.0,0.0,False,2.25,False,False,6.0,False,23.0,moderate,1.0,1.0,0.0,0.0,0.0,0.0,1.0,13.75,3,False,5,18
u53,2013-05-07,1.0,1.0,False,2.25,True,False,6.0,False,23.0,moderate,,1.0,0.0,0.0,0.0,0.0,1.0,72.55,1,False,5,19
u53,2013-05-08,1.0,0.0,False,2.25,False,False,6.0,False,23.0,moderate,0.0,1.0,0.0,0.0,0.0,0.0,1.0,35.46666666666667,2,False,5,19
u53,2013-05-09,1.0,0.0,False,2.0,False,False,6.0,False,23.0,moderate,0.0,0.0,1.0,0.0,0.0,0.0,1.0,27.9,3,False,5,19
u53,2013-05-15,1.0,0.0,False,2.25,False,False,15.0,True,23.0,moderate,0.0,0.0,0.0,1.0,0.0,0.0,1.0,85.01666666666667,2,False,5,20
u53,2013-05-16,2.5,0.0,False,2.25,False,False,6.0,False,23.0,moderate,0.0,0.0,0.0,1.0,0.0,0.0,1.0,7.633333333333334,3,False,5,20
u53,2013-05-18,2.0,0.0,False,3.0,False,False,6.0,False,23.0,moderate,1.0,0.0,0.0,1.0,,,,3.7,5,True,5,20
u53,2013-05-20,1.0,0.0,False,2.25,False,False,1.0,False,23.0,moderate,1.0,0.0,0.0,1.0,,,,44.916666666666664,0,False,5,21
u53,2013-05-22,1.0,0.0,False,2.25,False,False,6.0,False,23.0,moderate,1.0,0.0,0.0,1.0,0.0,0.0,1.0,34.78333333333333,2,False,5,21
u54,2013-03-28,1.0,0.0,False,3.0,False,False,5.0,False,19.0,moderate,,,,,,,,217.46666666666667,3,False,3,13
u54,2013-03-30,1.0,0.0,False,2.0,False,False,6.0,False,19.0,moderate,,,,,,,,229.41666666666666,5,True,3,13
u54,2013-04-04,2.0,0.0,False,3.0,False,False,5.0,False,19.0,moderate,,,,,,,,138.31666666666666,3,False,4,14
u54,2013-04-05,2.0,1.0,False,3.0,True,False,5.0,False,19.0,moderate,,,,,,,,140.31666666666666,4,False,4,14
u54,2013-04-06,2.5,0.0,False,2.0,False,False,5.0,False,19.0,moderate,,,,,,,,214.55,5,True,4,14
u54,2013-04-10,1.0,1.0,False,3.0,True,False,5.0,False,19.0,moderate,,,,,,,,352.1166666666667,2,False,4,15
u54,2013-04-11,1.0,0.0,False,2.0,False,False,8.0,True,19.0,moderate,,,,,,,,101.16666666666667,3,False,4,15
u54,2013-04-12,2.0,1.0,False,3.0,True,False,5.0,False,19.0,moderate,,,,,,,,70.78333333333333,4,False,4,15
u54,2013-04-13,4.0,0.0,False,2.0,False,False,5.0,False,19.0,moderate,,,,,,,,52.4,5,True,4,15
u54,2013-04-15,1.0,1.0,False,3.0,True,False,7.0,False,19.0,moderate,,,,,,,,87.33333333333333,0,False,4,16
u54,2013-04-16,1.0,0.0,False,3.0,False,False,6.0,False,19.0,moderate,,,,,,,,123.53333333333333,1,False,4,16
u54,2013-04-17,4.0,2.0,True,3.0,True,False,4.0,False,19.0,moderate,,,,,,,,123.78333333333333,2,False,4,16
u54,2013-04-23,2.0,0.0,False,3.0,False,False,5.0,False,19.0,moderate,,,,,0.0,1.0,0.0,110.93333333333334,1,False,4,17
u54,2013-04-30,3.0,1.0,False,3.0,True,False,5.0,False,19.0,moderate,,,,,0.0,1.0,0.0,104.8,1,False,4,18
u54,2013-05-02,1.0,0.0,False,3.0,False,False,5.0,False,19.0,moderate,,,,,0.0,1.0,0.0,84.2,3,False,5,18
u54,2013-05-09,2.5,0.0,False,3.0,False,False,5.0,False,19.0,moderate,,,,,1.0,0.0,0.0,107.95,3,False,5,19
u56,2013-04-08,3.3333333333333335,1.0,False,2.0,False,False,9.5,True,11.0,low,,,,,,,,92.78333333333333,0,False,4,15
u56,2013-04-09,3.0,0.0,False,2.0,False,False,8.0,True,11.0,low,,,,,,,,112.3,1,False,4,15
u56,2013-04-10,5.0,0.0,False,3.0,False,False,9.0,True,11.0,low,,,,,,,,91.25,2,False,4,15
u56,2013-04-11,2.0,0.0,False,2.0,False,False,9.0,False,11.0,low,,,,,,,,23.05,3,False,4,15
u56,2013-04-13,1.0,0.0,False,2.0,False,False,9.0,False,11.0,low,,,,,,,,154.28333333333333,5,True,4,15
u56,2013-04-15,2.0,1.0,False,2.0,False,False,7.0,False,11.0,low,,,,,,,,66.98333333333333,0,False,4,16
u56,2013-04-16,2.0,0.0,False,2.0,False,False,8.0,True,11.0,low,,,,,,,,88.45,1,False,4,16
u56,2013-04-17,5.0,0.0,False,2.0,False,False,9.0,True,11.0,low,,,,,,,,63.13333333333333,2,False,4,16
u56,2013-04-20,5.0,0.0,False,2.0,False,False,9.0,False,11.0,low,1.0,1.0,0.0,0.0,,,,98.95,5,True,4,16
u56,2013-04-21,1.0,0.0,False,2.0,False,False,9.0,False,11.0,low,1.0,1.0,0.0,0.0,,,,221.53333333333333,6,True,4,16
u56,2013-04-26,5.0,0.0,False,2.0,False,False,9.0,False,11.0,low,1.0,1.0,0.0,0.0,1.0,0.0,0.0,59.2,4,False,4,17
u56,2013-05-02,1.0,0.0,False,2.0,False,False,9.0,False,11.0,low,1.0,1.0,0.0,0.0,1.0,0.0,0.0,116.16666666666667,3,False,5,18
u56,2013-05-04,5.0,0.0,False,2.0,False,False,9.0,True,11.0,low,,0.0,1.0,0.0,1.0,0.0,0.0,21.35,5,True,5,18
u56,2013-05-19,5.0,0.0,False,2.0,False,False,9.0,False,11.0,low,1.0,0.0,0.0,1.0,,,,264.18333333333334,6,True,5,20
u56,2013-05-28,2.0,0.0,False,2.0,False,False,9.0,False,11.0,low,,0.0,1.0,0.0,0.0,0.0,1.0,52.3,1,False,5,22
u56,2013-06-04,4.0,0.0,False,1.0,False,False,9.0,False,11.0,low,,1.0,0.0,0.0,0.0,0.0,1.0,91.25,1,False,6,23
u57,2013-03-27,4.5,0.0,False,4.0,False,True,9.0,True,9.0,low,,,,,,,,165.5,2,False,3,13
u57,2013-03-28,4.0,0.0,False,4.0,False,False,7.0,False,9.0,low,,,,,,,,204.5,3,False,3,13
u57,2013-03-29,4.0,0.0,False,5.0,False,True,9.0,True,9.0,low,,,,,,,,168.51666666666668,4,False,3,13
u57,2013-03-31,5.0,0.0,False,5.0,False,True,7.0,False,9.0,low,,,,,,,,272.76666666666665,6,True,3,13
u57,2013-04-02,1.0,0.0,False,4.0,False,False,7.0,False,9.0,low,,,,,,,,125.38333333333334,1,False,4,14
u57,2013-04-03,1.0,0.0,False,4.0,False,True,7.0,False,9.0,low,,,,,,,,179.58333333333334,2,False,4,14
u57,2013-04-04,1.0,0.0,False,5.0,False,True,7.0,False,9.0,low,,,,,,,,228.18333333333334,3,False,4,14
u57,2013-04-05,1.0,0.0,False,5.0,False,True,7.0,False,9.0,low,,,,,,,,247.73333333333332,4,False,4,14
u57,2013-04-06,1.0,0.0,False,4.0,False,True,8.0,False,9.0,low,,,,,,,,324.5833333333333,5,True,4,14
u57,2013-04-08,1.0,2.0,True,4.0,True,False,6.0,False,9.0,low,,,,,,,,357.73333333333335,0,False,4,15
u57,2013-04-09,2.5,0.0,False,4.0,False,False,9.0,True,9.0,low,,,,,,,,135.61666666666667,1,False,4,15
u57,2013-04-10,4.0,0.0,False,4.0,False,True,8.0,True,9.0,low,,,,,,,,245.81666666666666,2,False,4,15
u57,2013-04-11,1.0,0.0,False,4.0,False,False,8.0,True,9.0,low,,,,,,,,110.55,3,False,4,15
u57,2013-04-12,1.0,0.0,False,4.0,False,True,8.0,False,9.0,low,,,,,,,,126.78333333333333,4,False,4,15
u57,2013-04-13,1.0,0.0,False,5.0,False,True,8.0,True,9.0,low,,,,,,,,160.73333333333332,5,True,4,15
u57,2013-04-14,2.0,0.0,False,5.0,False,True,9.0,True,9.0,low,,,,,,,,124.48333333333333,6,True,4,15
u57,2013-04-15,2.0,2.0,True,4.0,True,False,8.0,True,9.0,low,,,,,,,,153.11666666666667,0,False,4,16
u57,2013-04-16,1.5,0.0,False,4.0,False,True,8.0,True,9.0,low,,,,,,,,152.21666666666667,1,False,4,16
u57,2013-04-17,2.5,0.0,False,4.0,False,True,6.0,False,9.0,low,,,,,,,,131.98333333333332,2,False,4,16
u57,2013-04-18,1.0,0.0,False,4.0,False,False,10.0,True,9.0,low,,,,,0.0,1.0,0.0,188.96666666666667,3,False,4,16
u57,2013-04-20,2.0,0.0,False,5.0,False,True,5.0,False,9.0,low,,0.0,1.0,0.0,0.0,1.0,0.0,240.38333333333333,5,True,4,16
u57,2013-04-21,2.0,0.0,False,4.0,False,True,5.0,False,9.0,low,,0.0,1.0,0.0,0.0,1.0,0.0,82.78333333333333,6,True,4,16
u57,2013-04-23,3.0,0.0,False,4.0,False,False,8.0,True,9.0,low,,0.0,1.0,0.0,0.0,1.0,0.0,83.65,1,False,4,17
u57,2013-04-24,3.0,0.0,False,4.0,False,False,5.0,False,9.0,low,,0.0,1.0,0.0,0.0,1.0,0.0,118.53333333333333,2,False,4,17
u57,2013-04-25,3.0,0.0,False,4.0,False,False,8.0,False,9.0,low,,0.0,1.0,0.0,0.0,1.0,0.0,126.45,3,False,4,17
u57,2013-04-26,3.0,0.0,False,4.0,False,False,8.0,False,9.0,low,,0.0,1.0,0.0,0.0,1.0,0.0,129.7,4,False,4,17
u57,2013-04-29,3.0,1.0,False,4.0,True,False,6.0,False,9.0,low,0.0,0.0,1.0,0.0,0.0,1.0,0.0,189.58333333333334,0,False,4,18
u57,2013-04-30,2.0,1.0,False,4.0,True,True,5.0,False,9.0,low,0.0,1.0,0.0,0.0,0.0,1.0,0.0,136.41666666666666,1,False,4,18
u57,2013-05-01,2.0,0.0,False,4.0,False,False,6.0,False,9.0,low,0.0,1.0,0.0,0.0,0.0,1.0,0.0,172.2,2,False,5,18
u57,2013-05-02,3.0,0.0,False,4.0,False,False,8.0,True,9.0,low,0.0,1.0,0.0,0.0,0.0,1.0,0.0,168.75,3,False,5,18
u57,2013-05-03,2.0,0.0,False,5.0,False,True,8.0,False,9.0,low,0.0,1.0,0.0,0.0,0.0,1.0,0.0,122.76666666666667,4,False,5,18
u57,2013-05-06,3.0,1.0,False,5.0,True,True,10.0,True,9.0,low,0.0,1.0,0.0,0.0,1.0,0.0,0.0,240.06666666666666,0,False,5,19
u57,2013-05-07,1.0,1.0,False,4.0,True,False,7.0,False,9.0,low,0.0,1.0,0.0,0.0,1.0,0.0,0.0,152.83333333333334,1,False,5,19
u57,2013-05-08,1.0,0.0,False,4.0,False,False,8.0,True,9.0,low,0.0,1.0,0.0,0.0,1.0,0.0,0.0,116.91666666666667,2,False,5,19
u57,2013-05-09,4.0,0.0,False,4.0,False,False,10.0,True,9.0,low,0.0,1.0,0.0,0.0,1.0,0.0,0.0,254.98333333333332,3,False,5,19
u57,2013-05-14,1.0,0.0,False,4.0,False,True,10.0,True,9.0,low,1.0,1.0,0.0,0.0,1.0,0.0,0.0,129.6,1,False,5,20
u57,2013-05-15,1.0,1.0,False,4.0,True,False,9.0,True,9.0,low,1.0,1.0,0.0,0.0,1.0,0.0,0.0,139.65,2,False,5,20
u57,2013-05-16,1.0,0.0,False,4.0,False,False,11.0,True,9.0,low,2.0,1.0,0.0,0.0,1.0,0.0,0.0,258.45,3,False,5,20
u57,2013-05-17,1.0,0.0,False,4.0,False,False,12.0,True,9.0,low,2.0,1.0,0.0,0.0,,,,261.8,4,False,5,20
u57,2013-05-18,1.0,0.0,False,5.0,False,False,5.0,False,9.0,low,1.0,0.0,0.0,1.0,,,,321.73333333333335,5,True,5,20
u57,2013-05-19,1.5,0.0,False,5.0,False,False,9.0,True,9.0,low,3.0,0.0,0.0,1.0,0.0,0.0,1.0,272.25,6,True,5,20
u57,2013-05-20,1.0,0.0,False,4.0,False,False,9.0,True,9.0,low,3.0,0.0,0.0,1.0,0.0,0.0,1.0,194.23333333333332,0,False,5,21
u57,2013-05-21,1.0,0.0,False,4.0,False,False,9.0,True,9.0,low,1.0,0.0,0.0,1.0,0.0,0.0,1.0,164.68333333333334,1,False,5,21
u57,2013-05-23,1.0,0.0,False,4.0,False,False,10.0,True,9.0,low,1.0,1.0,0.0,0.0,0.0,0.0,1.0,157.96666666666667,3,False,5,21
u57,2013-06-03,5.0,0.0,False,4.0,False,True,7.0,False,9.0,low,,1.0,0.0,0.0,1.0,0.0,0.0,165.09166666666667,0,False,6,23
u58,2013-03-28,1.0,0.0,False,2.0,False,False,8.0,True,20.0,moderate,,,,,,,,62.38333333333333,3,False,3,13
u58,2013-03-29,1.0,0.0,False,2.0,False,False,7.0,False,20.0,moderate,,,,,,,,36.06666666666667,4,False,3,13
u58,2013-03-30,4.0,0.0,False,1.0,False,False,8.0,True,20.0,moderate,,,,,,,,94.6,5,True,3,13
u58,2013-03-31,1.0,0.0,False,1.0,False,False,7.0,False,20.0,moderate,,,,,,,,3.8,6,True,3,13
u58,2013-04-03,1.0,0.0,False,3.0,False,False,7.0,False,20.0,moderate,,,,,,,,117.85,2,False,4,14
u58,2013-04-04,2.0,0.0,False,3.0,False,False,6.0,False,20.0,moderate,,,,,,,,224.93333333333334,3,False,4,14
u58,2013-04-05,1.5,0.0,False,2.0,False,False,7.0,False,20.0,moderate,,,,,,,,28.566666666666666,4,False,4,14
u58,2013-04-06,1.0,0.0,False,2.0,False,False,9.0,True,20.0,moderate,,,,,,,,88.51666666666667,5,True,4,14
u58,2013-04-08,1.0,1.0,False,2.0,True,False,8.0,True,20.0,moderate,,,,,,,,25.1,0,False,4,15
u58,2013-04-09,2.3333333333333335,0.0,False,2.0,False,False,7.0,False,20.0,moderate,,,,,,,,98.8,1,False,4,15
u58,2013-04-11,1.0,0.0,False,3.0,False,False,6.0,False,20.0,moderate,,,,,,,,112.4,3,False,4,15
u58,2013-04-12,5.0,0.0,False,2.0,False,False,7.0,False,20.0,moderate,,,,,,,,81.85,4,False,4,15
u58,2013-04-13,1.0,0.0,False,1.0,False,False,9.0,True,20.0,moderate,,,,,,,,82.71666666666667,5,True,4,15
u58,2013-04-14,2.0,0.0,False,1.0,False,False,8.0,True,20.0,moderate,,,,,,,,112.28333333333333,6,True,4,15
u58,2013-04-15,1.5,1.0,False,2.0,True,False,8.0,True,20.0,moderate,,,,,,,,136.86666666666667,0,False,4,16
u58,2013-04-16,2.0,0.0,False,2.0,False,False,7.0,False,20.0,moderate,,,,,,,,168.96666666666667,1,False,4,16
u58,2013-04-17,2.0,0.0,False,3.0,False,False,7.0,False,20.0,moderate,,,,,,,,87.85,2,False,4,16
u58,2013-04-18,2.0,0.0,False,3.0,False,False,5.0,False,20.0,moderate,,,,,0.0,0.0,1.0,93.01666666666667,3,False,4,16
u58,2013-04-19,1.0,0.0,False,3.0,False,False,4.0,False,20.0,moderate,3.0,1.0,0.0,0.0,0.0,0.0,1.0,220.05,4,False,4,16
u58,2013-04-21,5.0,0.0,False,2.0,False,False,6.0,False,20.0,moderate,3.0,1.0,0.0,0.0,0.0,0.0,1.0,37.56666666666667,6,True,4,16
u58,2013-04-22,2.0,1.0,False,2.0,True,False,7.0,False,20.0,moderate,3.0,1.0,0.0,0.0,0.0,0.0,1.0,67.43333333333334,0,False,4,17
u58,2013-04-23,3.0,0.0,False,2.0,False,False,6.0,False,20.0,moderate,3.0,1.0,0.0,0.0,0.0,0.0,1.0,154.08333333333334,1,False,4,17
u58,2013-04-24,1.0,0.0,False,2.0,False,False,6.0,False,20.0,moderate,3.0,1.0,0.0,0.0,0.0,0.0,1.0,90.41666666666667,2,False,4,17
u58,2013-04-26,2.0,0.0,False,3.0,False,False,6.0,False,20.0,moderate,3.0,1.0,0.0,0.0,1.0,0.0,0.0,89.75,4,False,4,17
u58,2013-04-28,2.0,0.0,False,1.0,False,False,7.0,False,20.0,moderate,0.0,1.0,0.0,0.0,1.0,0.0,0.0,51.5,6,True,4,17
u58,2013-04-29,1.5,0.0,False,2.0,False,False,6.0,False,20.0,moderate,0.0,1.0,0.0,0.0,0.0,0.0,1.0,26.166666666666668,0,False,4,18
u58,2013-04-30,2.0,1.0,False,2.0,True,False,6.0,False,20.0,moderate,0.0,0.0,0.0,1.0,0.0,0.0,1.0,37.71666666666667,1,False,4,18
u58,2013-05-06,2.0,0.0,False,1.0,False,False,5.0,False,20.0,moderate,1.0,1.0,0.0,0.0,1.0,0.0,0.0,165.93333333333334,0,False,5,19
u58,2013-05-07,1.5,1.0,False,2.0,True,False,5.0,False,20.0,moderate,1.0,1.0,0.0,0.0,1.0,0.0,0.0,48.56666666666667,1,False,5,19
u58,2013-05-08,2.0,0.0,False,2.0,False,False,7.0,False,20.0,moderate,1.0,0.0,0.0,1.0,0.0,0.0,1.0,99.2,2,False,5,19
u58,2013-05-13,5.0,1.0,False,1.5,True,False,4.0,False,20.0,moderate,2.0,1.0,0.0,0.0,1.0,0.0,0.0,108.76666666666667,0,False,5,20
u58,2013-05-14,1.0,0.0,False,2.0,False,False,7.0,False,20.0,moderate,0.0,0.0,0.0,1.0,1.0,0.0,0.0,53.25,1,False,5,20
u58,2013-05-15,1.0,0.0,False,2.0,False,False,10.0,True,20.0,moderate,0.0,0.0,0.0,1.0,1.0,0.0,0.0,83.98333333333333,2,False,5,20
u58,2013-05-16,2.0,0.0,False,2.0,False,False,6.0,False,20.0,moderate,0.0,0.0,0.0,1.0,1.0,0.0,0.0,109.9,3,False,5,20
u58,2013-05-17,2.0,0.0,False,2.0,False,False,9.0,True,20.0,moderate,1.0,0.0,0.0,1.0,1.0,0.0,0.0,60.61666666666667,4,False,5,20
u58,2013-05-20,2.0,0.0,False,2.0,False,False,6.0,False,20.0,moderate,0.0,0.0,1.0,0.0,1.0,0.0,0.0,32.11666666666667,0,False,5,21
u58,2013-05-21,1.5,0.0,False,2.0,False,False,7.0,False,20.0,moderate,0.0,0.0,1.0,0.0,1.0,0.0,0.0,112.11666666666666,1,False,5,21
u58,2013-05-22,1.0,0.0,False,2.0,False,False,9.0,True,20.0,moderate,-1.0,0.0,1.0,0.0,1.0,0.0,0.0,84.76666666666667,2,False,5,21
u58,2013-05-23,2.0,0.0,False,2.0,False,False,7.0,False,20.0,moderate,-1.0,0.0,1.0,0.0,1.0,0.0,0.0,154.61666666666667,3,False,5,21
u58,2013-05-28,1.0,0.0,False,2.0,False,False,9.0,True,20.0,moderate,2.0,1.0,0.0,0.0,0.5,0.0,0.5,83.16666666666667,1,False,5,22
u59,2013-03-27,2.0,0.0,False,4.0,False,True,6.5,False,18.0,moderate,,,,,,,,178.2,2,False,3,13
u59,2013-03-28,2.4285714285714284,0.0,False,5.0,False,True,4.0,False,18.0,moderate,,,,,,,,428.4,3,False,3,13
u59,2013-03-29,2.4285714285714284,1.0,False,4.333333333333333,True,True,6.0,False,18.0,moderate,,,,,,,,464.06666666666666,4,False,3,13
u59,2013-03-30,2.75,0.0,False,4.5,False,True,9.0,True,18.0,moderate,,,,,,,,273.53333333333336,5,True,3,13
u59,2013-03-31,2.3333333333333335,0.0,False,4.333333333333333,False,True,10.0,True,18.0,moderate,,,,,,,,558.7666666666667,6,True,3,13
u59,2013-04-01,2.1666666666666665,2.0,True,4.0,True,True,6.666666666666667,False,18.0,moderate,,,,,,,,689.6,0,False,4,14
u59,2013-04-02,1.4285714285714286,0.0,False,4.0,False,True,5.5,False,18.0,moderate,,,,,,,,549.3333333333334,1,False,4,14
u59,2013-04-03,2.4545454545454546,0.0,False,4.0,False,True,5.0,False,18.0,moderate,,,,,,,,692.8,2,False,4,14
u59,2013-04-04,2.1666666666666665,0.0,False,5.0,False,True,5.0,False,18.0,moderate,,,,,,,,521.2666666666667,3,False,4,14
u59,2013-04-05,1.6153846153846154,2.0,True,4.6,True,True,3.5,False,18.0,moderate,,,,,,,,115.13333333333334,4,False,4,14
u59,2013-04-06,1.0,0.0,False,4.333333333333333,False,False,5.5,False,18.0,moderate,,,,,,,,193.93333333333334,5,True,4,14
u59,2013-04-07,2.0,0.0,False,4.333333333333333,False,True,10.0,True,18.0,moderate,,,,,,,,394.35,6,True,4,14
u59,2013-04-08,1.3333333333333333,3.0,True,4.0,True,True,5.5,False,18.0,moderate,,,,,,,,543.8166666666667,0,False,4,15
u59,2013-04-09,2.6,1.0,False,4.0,True,True,6.0,False,18.0,moderate,,,,,,,,226.6,1,False,4,15
u59,2013-04-10,1.8,1.0,False,4.0,True,True,6.5,False,18.0,moderate,,,,,,,,131.25,2,False,4,15
u59,2013-04-11,3.1666666666666665,1.0,False,4.0,True,True,5.0,False,18.0,moderate,,,,,,,,66.68333333333334,3,False,4,15
u59,2013-04-12,2.0,2.0,True,4.0,True,True,5.5,False,18.0,moderate,,,,,,,,204.2,4,False,4,15
u59,2013-04-13,4.0,0.0,False,4.5,False,True,7.5,True,18.0,moderate,,,,,,,,195.4,5,True,4,15
u59,2013-04-14,3.6,0.0,False,4.333333333333333,False,True,5.5,False,18.0,moderate,,,,,,,,286.8,6,True,4,15
u59,2013-04-15,1.5,3.0,True,4.0,True,False,4.0,False,18.0,moderate,,,,,,,,198.43333333333334,0,False,4,16
u59,2013-04-16,2.8,1.0,False,4.0,True,True,4.0,False,18.0,moderate,,,,,,,,161.26666666666668,1,False,4,16
u59,2013-04-17,1.8,1.0,False,4.0,True,True,0.0,False,18.0,moderate,1.0,0.0,0.0,0.0,,,,149.93333333333334,2,False,4,16
u59,2013-04-18,1.75,1.0,False,4.0,True,True,6.0,False,18.0,moderate,1.0,0.0,0.0,0.0,0.5,0.0,0.5,167.96666666666667,3,False,4,16
u59,2013-04-19,2.8333333333333335,2.0,True,5.0,True,True,6.0,False,18.0,moderate,1.0,0.0,0.0,0.0,0.5,0.0,0.5,294.55,4,False,4,16
u59,2013-04-20,3.0,0.0,False,4.333333333333333,False,False,7.0,False,18.0,moderate,1.0,0.0,0.0,0.0,0.5,0.0,0.5,194.61666666666667,5,True,4,16
u59,2013-04-21,1.0,0.0,False,4.0,False,True,5.5,False,18.0,moderate,1.0,0.0,0.0,0.0,0.5,0.0,0.5,251.03333333333333,6,True,4,16
u59,2013-04-22,1.0,3.0,True,4.0,True,True,5.0,False,18.0,moderate,1.0,0.0,0.0,0.0,0.5,0.0,0.5,186.46666666666667,0,False,4,17
u59,2013-04-23,1.6666666666666667,1.0,False,4.0,True,True,0.0,False,18.0,moderate,1.0,0.0,0.0,0.0,0.5,0.0,0.5,151.4,1,False,4,17
u59,2013-04-24,2.2,0.0,False,4.0,False,True,13.0,True,18.0,moderate,1.0,0.0,0.0,0.0,0.5,0.0,0.5,88.03333333333333,2,False,4,17
u59,2013-04-25,3.4,1.0,False,4.0,True,True,4.0,False,18.0,moderate,1.3333333333333333,0.5,0.0,0.0,0.5,0.0,0.5,291.93333333333334,3,False,4,17
u59,2013-04-26,2.2,2.0,True,4.0,True,False,5.5,False,18.0,moderate,1.0,1.0,0.0,0.0,0.5,0.0,0.5,186.26666666666668,4,False,4,17
u59,2013-04-27,4.0,0.0,False,5.0,False,True,5.5,False,18.0,moderate,-1.0,0.0,0.0,1.0,1.0,0.0,0.0,137.6,5,True,4,17
u59,2013-04-28,2.5,0.0,False,4.5,False,True,5.5,False,18.0,moderate,0.0,0.0,0.0,1.0,0.0,1.0,0.0,195.61666666666667,6,True,4,17
u59,2013-04-29,1.875,2.0,True,5.0,True,True,2.0,False,18.0,moderate,1.0,0.0,0.6,0.4,0.0,1.0,0.0,145.43333333333334,0,False,4,18
u59,2013-04-30,3.0,2.0,True,5.0,True,True,0.0,False,18.0,moderate,-1.0,0.0,1.0,0.0,1.0,0.0,0.0,163.13333333333333,1,False,4,18
u59,2013-05-01,1.0,0.0,False,4.0,False,False,5.5,False,18.0,moderate,0.0,0.0,0.0,1.0,1.0,0.0,0.0,165.05,2,False,5,18
u59,2013-05-02,3.0,1.0,False,5.0,True,True,5.0,False,18.0,moderate,1.3333333333333333,0.75,0.0,0.25,1.0,0.0,0.0,351.06666666666666,3,False,5,18
u59,2013-05-03,2.5,2.0,True,4.0,True,True,6.5,False,18.0,moderate,1.6666666666666667,0.5,0.0,0.5,1.0,0.0,0.0,160.0,4,False,5,18
u59,2013-05-04,5.0,0.0,False,4.333333333333333,False,False,5.5,False,18.0,moderate,3.0,1.0,0.0,0.0,1.0,0.0,0.0,125.28333333333333,5,True,5,18
u59,2013-05-05,4.0,0.0,False,4.0,False,True,5.5,False,18.0,moderate,1.5,0.6666666666666666,0.0,0.3333333333333333,0.0,1.0,0.0,182.55,6,True,5,18
u59,2013-05-06,1.75,2.0,True,4.0,True,False,3.0,False,18.0,moderate,1.5,0.0,0.0,1.0,0.0,1.0,0.0,296.8,0,False,5,19
u59,2013-05-07,1.6,2.0,True,4.0,True,True,5.0,False,18.0,moderate,0.5,0.5,0.0,0.5,0.0,1.0,0.0,156.76666666666668,1,False,5,19
u59,2013-05-08,1.3333333333333333,1.0,False,4.0,True,True,5.5,False,18.0,moderate,0.0,0.3333333333333333,0.3333333333333333,0.3333333333333333,0.0,0.0,1.0,179.0,2,False,5,19
u59,2013-05-09,4.0,1.0,False,4.0,True,False,5.0,False,18.0,moderate,1.0,0.6666666666666666,0.0,0.3333333333333333,0.0,0.0,1.0,196.2,3,False,5,19
u59,2013-05-10,1.0,2.0,True,4.0,True,True,5.5,False,18.0,moderate,1.0,0.6666666666666666,0.0,0.3333333333333333,0.0,0.0,1.0,131.43333333333334,4,False,5,19
u59,2013-05-11,2.5,0.0,False,4.0,False,True,5.0,False,18.0,moderate,-2.5,0.0,1.0,0.0,0.0,0.0,1.0,49.81666666666667,5,True,5,19
u59,2013-05-12,3.0,0.0,False,4.333333333333333,False,False,4.0,False,18.0,moderate,-2.0,0.0,1.0,0.0,0.0,0.0,1.0,47.666666666666664,6,True,5,19
u59,2013-05-15,2.0,0.0,False,4.0,False,False,12.0,True,18.0,moderate,0.5,0.0,0.0,1.0,0.0,0.0,1.0,159.6,2,False,5,20
u59,2013-05-16,1.0,2.0,True,5.0,True,True,5.5,False,18.0,moderate,0.0,0.0,0.0,1.0,0.0,0.0,1.0,137.81666666666666,3,False,5,20
u59,2013-05-18,2.5,0.0,False,5.0,False,True,6.0,False,18.0,moderate,2.0,0.5,0.0,0.5,1.0,0.0,0.0,320.98333333333335,5,True,5,20
u59,2013-05-19,4.0,0.0,False,5.0,False,True,10.0,True,18.0,moderate,1.0,1.0,0.0,0.0,1.0,0.0,0.0,253.26666666666668,6,True,5,20
u59,2013-05-20,4.0,0.0,False,4.0,False,False,5.5,False,18.0,moderate,0.6666666666666666,0.3333333333333333,0.0,0.6666666666666666,0.5,0.0,0.5,228.93333333333334,0,False,5,21
u59,2013-05-21,2.5,0.0,False,4.0,False,True,2.0,False,18.0,moderate,2.0,1.0,0.0,0.0,1.0,0.0,0.0,122.53333333333333,1,False,5,21
u59,2013-05-22,3.3333333333333335,0.0,False,4.0,False,True,5.5,False,18.0,moderate,0.5,0.3333333333333333,0.0,0.6666666666666666,1.0,0.0,0.0,108.5,2,False,5,21
u59,2013-05-23,4.0,0.0,False,4.0,False,False,2.0,False,18.0,moderate,1.0,0.6666666666666666,0.0,0.3333333333333333,1.0,0.0,0.0,71.26666666666667,3,False,5,21
u59,2013-05-24,1.0,1.0,False,4.0,True,False,8.0,True,18.0,moderate,1.3333333333333333,0.3333333333333333,0.0,0.6666666666666666,0.0,0.0,1.0,96.46666666666667,4,False,5,21
u59,2013-05-25,1.0,0.0,False,4.0,False,True,5.5,False,18.0,moderate,0.0,0.0,0.0,1.0,0.0,0.0,1.0,118.91666666666667,5,True,5,21
u59,2013-05-26,4.0,0.0,False,4.0,False,True,16.0,True,18.0,moderate,1.0,0.0,0.0,1.0,0.0,1.0,0.0,214.83333333333334,6,True,5,21
u59,2013-05-27,3.0,0.0,False,4.0,False,True,10.0,True,18.0,moderate,0.0,0.0,0.5,0.5,0.0,1.0,0.0,154.23333333333332,0,False,5,22
u59,2013-05-28,2.0,0.0,False,4.0,False,False,5.5,False,18.0,moderate,0.3333333333333333,0.25,0.0,0.75,0.3333333333333333,0.0,0.6666666666666666,205.2,1,False,5,22
u59,2013-05-29,2.0,1.0,False,4.0,True,True,4.0,False,18.0,moderate,0.5,0.0,0.5,0.5,1.0,0.0,0.0,85.1,2,False,5,22
u59,2013-05-30,3.5,0.0,False,5.0,False,True,5.5,False,18.0,moderate,0.6666666666666666,0.3333333333333333,0.3333333333333333,0.3333333333333333,0.6666666666666666,0.0,0.3333333333333333,184.03333333333333,3,False,5,22
u59,2013-05-31,4.5,0.0,False,4.0,False,False,5.5,False,18.0,moderate,2.5,0.6666666666666666,0.0,0.3333333333333333,0.6666666666666666,0.0,0.3333333333333333,383.51666666666665,4,False,5,22
u59,2013-06-01,3.0,0.0,False,4.333333333333333,False,False,9.0,True,18.0,moderate,1.0,0.6666666666666666,0.0,0.3333333333333333,0.5,0.0,0.5,69.21666666666667,5,True,6,22
u59,2013-06-02,4.0,0.0,False,4.0,False,True,10.0,True,18.0,moderate,2.0,0.5,0.0,0.5,0.5,0.0,0.5,185.15,6,True,6,22
u59,2013-06-03,4.0,0.0,False,4.0,False,False,5.5,False,18.0,moderate,2.5,1.0,0.0,0.0,0.75,0.0,0.25,185.15,0,False,6,23
u59,2013-06-04,4.0,0.0,False,3.0,False,False,13.0,True,18.0,moderate,1.6666666666666667,0.6666666666666666,0.0,0.3333333333333333,0.6666666666666666,0.0,0.3333333333333333,185.15,1,False,6,23
u59,2013-06-05,4.333333333333333,0.0,False,4.0,False,False,5.5,False,18.0,moderate,1.6666666666666667,0.6666666666666666,0.0,0.3333333333333333,0.6666666666666666,0.0,0.3333333333333333,185.15,2,False,6,23
u59,2013-06-06,4.0,0.0,False,3.0,False,False,15.0,True,18.0,moderate,1.0,0.5,0.0,0.5,0.5,0.0,0.5,185.15,3,False,6,23
u59,2013-06-07,4.0,0.0,False,3.0,False,False,5.0,False,18.0,moderate,1.0,1.0,0.0,0.0,1.0,0.0,0.0,185.15,4,False,6,23
